id,first_name,last_name,dob,gender,specialty,years_of_experience,created_at,updated_at
1,Ahmad,Khalil,1975-03-15,M,Cardiology,20,2024-01-01 10:00:00,2024-01-01 10:00:00
2,Fatima,Saad,1980-07-22,F,Endocrinology,15,2024-01-01 10:00:00,2024-01-01 10:00:00
3,Hassan,Nour,1978-11-08,M,General Surgery,18,2024-01-01 10:00:00,2024-01-01 10:00:00
4,Rania,Haddad,1985-05-30,F,Internal Medicine,12,2024-01-01 10:00:00,2024-01-01 10:00:00
5,Omar,Fares,1972-09-12,M,Cardiac Surgery,25,2024-01-01 10:00:00,2024-01-01 10:00:00
6,Nour,Ahmad,1989-01-05,F,Radiology,6,2021-03-30 16:51:05,2021-03-30 16:51:05
7,Nour,Omar,1986-10-17,F,General Surgery,9,2022-04-25 16:51:05,2022-04-25 16:51:05
8,Maryam,Yusuf,1971-12-27,F,Cardiac Surgery,23,2023-11-13 16:51:05,2023-11-13 16:51:05
9,Maya,Itani,1981-08-27,F,Cardiology,14,2023-11-23 16:51:05,2023-11-23 16:51:05
10,Ibrahim,Itani,1981-12-28,M,Radiology,14,2025-08-08 16:51:05,2025-08-08 16:51:05
11,Zaynab,Marwani,1965-10-19,F,Internal Medicine,28,2025-06-18 16:51:05,2025-06-18 16:51:05
12,Maryam,Fleifel,1970-12-20,F,Neurology,9,2021-02-22 16:51:05,2021-02-22 16:51:05
13,Ahmad,Itani,1960-12-04,M,Internal Medicine,5,2023-04-12 16:51:05,2023-04-12 16:51:05
14,Lana,Hassan,1977-12-07,F,Neurology,18,2021-05-28 16:51:05,2021-05-28 16:51:05
15,Layla,Hammoud,1967-12-02,F,Radiology,9,2022-11-04 16:51:05,2022-11-04 16:51:05
16,Mahmoud,Khalil,1969-08-17,M,Neurology,15,2024-10-12 16:51:05,2024-10-12 16:51:05
17,Yasmin,Fleifel,1980-09-12,F,Pediatrics,15,2020-11-20 16:51:05,2020-11-20 16:51:05
18,Sara,Omar,1984-04-09,F,Dermatology,11,2024-06-28 16:51:05,2024-06-28 16:51:05
