id,name,generic_name,dose,form,description,created_at,updated_at,path
5,Aspirinحبه واحده,Acetylsalicylic acid,100. حبه  واحده,tablet,,2023-11-21 14:59:53,2024-09-13 13:33:06,photos/cJm4ygW1hOoTMoJ19DzdXPVyH7I3qPrq66CgX3f4.jpg
6,Cipralexحبه. واحده,Escitalopram,10,tablet,,2023-11-21 15:00:59,2024-09-13 13:22:53,photos/ZvXuDduT55uajMYN9w97WXEixrcX6rw9l8qZynrh.jpg
7,Lasixحبه  واحده,Furosemide,ظد,tabletحبه. واحده,,2023-11-21 15:04:51,2024-09-13 13:19:04,photos/nwSZP08pgZDEM0i8wixe4IoRfytGwrhzJPD8AXRA.webp
8,Concorعيار. خمسهحبه. واحده,Bisoprolol,5mg,tablet,,2023-11-21 15:07:30,2024-09-13 13:25:19,photos/zX3ZrZnUDdC3965912EAVGYnk9QG0tQE8ljphT8m.jpg
9,Aprovel,Irbesartan,300mg,tablet,,2023-11-21 15:10:23,2023-11-21 17:55:28,photos/AsmROZFZQkGZvbz4O2d7j0RHWf5jGjYo9ouwLiik.webp
10,Atorvastatin,Atorvastatin,20,tablet,,2023-11-21 15:12:48,2023-11-21 18:03:50,photos/BSftwbJN8Fndm0eiHKixMJuTp7DPNIwF4A0bBMvC.webp
11,Glucophage XR,Metformin,1000mg,tablet,,2023-11-21 15:13:56,2023-11-21 18:04:14,photos/kQw9IThgGAo2yCeZu7qT4wUtsiMOXDHe7sS6tv3W.webp
12,Lantus Solostar U-100 insulin,"Insulin glargine, recombinant",100 unit/ml 3ml,injection,,2023-11-21 15:16:16,2023-11-21 18:09:04,photos/tLVUMKsmdGDa6iFu4Lrdz70MD5I0areWZFje0faP.webp
13,Melatonin,Melatonin,5mg,tablet,,2023-11-21 15:17:57,2023-11-21 18:05:50,photos/yMPQQ4sbwccBHKzoDr32dfLFzxhkAYXo3sYlnrqC.webp
14,Trulicity,Dulaglutide,1.5mg,injection,,2023-11-21 15:19:05,2023-11-21 18:06:14,photos/khlTgLjrF3yOSV05QHF9IIXC6LuLHmKt8zkAcSDO.jpg
15,Omnic,Tamsulosin,0.4mg,tablet,,2023-11-21 16:37:13,2023-11-21 18:09:14,photos/ryhEVNp3IRKz65EWZ5XB3cIIxEU0vpg5reaUcHaa.png
16,Dalacin,Clindamycine,300mg,tablet,,2023-11-21 16:40:08,2023-11-21 17:59:33,photos/Aq9nl7ZgvoUz4Bh99gyTFrSvfsQGxADwviokdF05.jpg
17,Ciprofloxacine,Ciprofloxacine,500,tablet,,2023-11-21 16:42:28,2023-11-21 16:42:28,photos/4CDqjesKaLA5DVGq8Ip4tv0lI5o4cYBK58q63gj4.jpg
18,Symbicort,Symbicort,160/4.5 mcg,inhaler,,2023-11-21 16:44:16,2023-11-21 18:01:33,photos/8bqctDi6j3ZdILSEGtRXTyFsOolgf3fBPuGNvSrN.jpg
19,Singulair,Montelukast,10mg,tablet,,2023-11-21 16:45:33,2023-11-21 18:02:30,photos/5fB4uALcqQ2MaGrlVdDIIoePk5TOEwDZxpfQzqFI.webp
20,MenaQ-7,Menaquinone-7,180mcg,tablet,,2023-11-21 16:46:55,2023-11-21 22:56:30,photos/6KAPQldE5QyndIyVT2z60cIsNkzMbfE1YnSY81zk.jpg
21,Vessel Due F,Sulodexide,250LSU,tablet,,2023-11-21 16:47:42,2023-11-21 18:08:38,photos/quXHRWzOaY5AFFs5RqoJDZVFovz3jsRrXXXmlpbn.jpg
22,Nifelat,Nifedipine,30mgحبه. واحده    ضغط,tablet,,2023-11-21 16:48:46,2024-09-13 13:26:12,photos/SEcQP2K4iHuUKTtWaCjcGbO98qIYKVMavyBUYoTd.jpg
23,Naftilux,Naftidrofuryl,200mg,tablet,,2023-11-21 16:49:52,2023-11-21 18:08:50,photos/MkchNjuCUcKHUFBN9vvICtEWP9HpUKgoRoCiXV9f.png
24,Trental,Pentoxyfilline,400mgحبه.   واحده,tablet,,2023-11-21 16:50:29,2024-09-13 13:27:28,photos/CIQJf6YQpFNSK1WKap1J9G1iGwJFVbgoHJxASLao.webp
25,حبة.حماية اهعدة,Esomeprazole,20 حبه واحده,tabletحبهواحده,,2023-11-21 22:36:16,2024-09-16 09:50:48,photos/uoHK86wIoBDB5JleUzyW1wgcodZtqpHzacNthSSd.jpg
26,AUGMENTIN,amoxicilline et acide clavulanique.,1g,tablet,,2024-04-13 01:49:50,2024-04-13 01:49:50,photos/asQepmHe6DAg1XFtoJlDXh9VpSuoC4jr4thdSJtW.jpg
27,test name,test generic,5mg,tablet,drug description,2024-04-24 10:29:17,2024-04-24 10:30:21,photos/yf92boLdEGAnWDc9t9CKAxLD8w75BumuiClbASke.png
28,Lipitor,Atrovastatin,20mg,tablet,,2024-04-26 17:27:41,2024-04-26 17:27:41,photos/AWQklqe4b3ZurrLinClSy9W0SXxi9O0jmvh712kA.jpg
29,Cynt,MOXONIDINE,0.4,tablet,treatment of mild to moderate essential hypertension.,2024-04-29 23:53:59,2024-04-29 23:53:59,photos/IRoPjKp6hNWFDl0Olh1yVabLES9uNdSGZetQ0rlu.png
30,Amlor,Amlodipine,5 mg,tablet,,2024-04-29 23:58:30,2024-04-29 23:58:30,photos/i8aj0MeLXz8EPZCtj3JA7NNfJD6fpzqZXyDNkaq4.png
31,Pariet,Rabeprazole,20 mg,tablet,,2024-04-30 00:02:28,2024-04-30 00:02:28,photos/n06OSkzoHJC3cmHthlZIslFQoSH6CLerz18uixc8.png
32,Aldactone,spironolactone,25 mg,tablet,,2024-04-30 00:05:13,2024-04-30 00:05:13,photos/to3x5Ct10s96JQbaRCuId1BCzdAXTPVne7isi180.png
33,Spiriva Respimat,Tiotropium bromide,2.5,inhaler,,2024-04-30 00:08:53,2024-04-30 00:08:53,photos/0c6a0xM61wMELOvY58P3OutFMGGquOb3AlerJFsI.png
34,Euro D,Vit D,1000,tablet,,2024-04-30 00:12:39,2024-04-30 00:12:39,photos/mSkW6UgoqmNyI8po5rrE3sGDNDUY20M0gxW8afeG.png
35,Fiosta,Ferrous Fumarate,200حبه. واحده,tablet,,2024-05-16 23:11:46,2024-09-13 13:36:55,photos/Lo8gixCwvLRcaNODuEalrtwuVf6Ith2vm60kAUi5.png
36,Cobal,Mecobalamin,500حبه   واحده,tablet,B12,2024-07-28 19:50:36,2024-09-13 13:33:41,photos/UHDKfaJArfojvmNTw1lrTQVXRlNTByjjIuQy1C6Q.png
