drug_id,patient_id,created_at,updated_at,order,number,time,duration,end_of_treatment
5,1,,,12,1.0,morning,lifetime,2038-01-19 02:00:00
5,6,,,10,1.0,morning,lifetime,2032-04-30 03:00:00
6,1,,,3,1.0,morning,lifetime,2035-11-01 02:00:00
7,1,,,2,1.0,morning,lifetime,2035-11-01 02:00:00
7,6,,,1,1.0,morning,LifeTime,2034-04-30 03:00:00
8,1,,,4,1.0,morning,lifetime,2035-11-01 02:00:00
8,6,,,2,0.5,morning,lifetime,2032-04-30 03:00:00
10,1,,,11,1.0,night,lifetime,2035-11-01 02:00:00
11,1,,,8,1.0,morning&night,lifetime,2035-11-01 02:00:00
11,6,,,7,0.5,morning&night,lifetime,2032-04-29 03:00:00
12,1,,,13,16.0,night,lifetime,2035-11-01 02:00:00
13,1,,,15,1.0,night,lifetime,2035-11-01 02:00:00
14,1,,,21,1.0,week,lifetime,2035-11-01 02:00:00
15,1,,,7,1.0,morning,lifetime,2035-11-01 02:00:00
20,1,,,10,1.0,morning,lifetime,2035-11-01 02:00:00
21,1,,,9,1.0,morning,lifetime,2035-11-01 02:00:00
22,1,,,5,1.0,morning&night,lifetime,2035-11-01 02:00:00
24,1,,,6,1.0,morning&night,lifetime,2035-11-01 02:00:00
25,1,,,1,1.0,morning,Lifetime,2038-01-19 02:00:00
26,5,,,1,1.0,morning&night,1 month,2024-05-11 03:00:00
26,12,,,1,1.0,night,1 month,2024-09-01 03:00:00
27,3,,,1,1.0,morning,LifeTime,2035-08-09 03:00:00
28,6,,,1,1.0,morning,Live time,2025-04-26 03:00:00
29,6,,,3,1.0,morning,lifetime,2033-04-25 03:00:00
30,6,,,4,1.0,morning,lifetime,2030-10-31 02:00:00
31,6,,,5,1.0,morning,lifetime,2031-04-30 03:00:00
32,6,,,6,1.0,morning,lifetime,2033-04-22 03:00:00
33,6,,,8,1.0,morning&night,lifetime,2032-04-30 03:00:00
34,6,,,1,2.0,week,lifetime,2034-04-30 03:00:00
35,1,,,99,1.0,morning,Lifetime,2035-05-31 03:00:00
36,1,,,14,1.0,morning,lifetime,2025-08-22 03:00:00
35,220,,,23,5,morning&night,LifeTime,2045-04-19 16:51:06
36,103,,,16,1,night,LifeTime,2038-04-12 16:51:06
31,12,,,25,0.5,morning&night,Live time,2038-03-28 16:51:06
17,194,,,25,1,morning,LifeTime,2040-09-01 16:51:06
36,225,,,23,2,afternoon,LifeTime,2040-07-15 16:51:06
7,107,,,20,5,afternoon,Lifetime,2040-02-29 16:51:06
7,160,,,17,0.5,afternoon,Live time,2045-01-06 16:51:06
7,228,,,8,4,week,Live time,2043-12-27 16:51:06
29,14,,,17,16,morning,LifeTime,2039-01-03 16:51:06
30,116,,,10,16,morning&night,Live time,2037-08-10 16:51:06
23,112,,,20,0.5,week,LifeTime,2040-12-09 16:51:06
33,216,,,3,5,week,lifetime,2037-10-04 16:51:06
13,203,,,13,3,morning&night,Live time,2036-01-09 16:51:06
34,49,,,19,5,night,Live time,2036-10-02 16:51:06
25,68,,,23,5,night,lifetime,2036-10-06 16:51:06
33,33,,,21,2,morning,Live time,2043-11-23 16:51:06
15,206,,,13,4,afternoon,lifetime,2044-05-10 16:51:06
26,47,,,19,16,night,LifeTime,2045-06-26 16:51:06
16,41,,,25,5,morning,Live time,2039-03-13 16:51:06
33,83,,,10,5,night,lifetime,2037-03-20 16:51:06
5,55,,,20,16,morning&night,lifetime,2040-11-19 16:51:06
36,131,,,18,16,morning,Live time,2038-05-30 16:51:06
35,59,,,15,3,afternoon,lifetime,2042-06-26 16:51:06
5,157,,,8,4,morning&night,LifeTime,2036-04-16 16:51:06
14,51,,,2,5,morning&night,lifetime,2037-05-16 16:51:06
7,222,,,22,4,week,Lifetime,2039-06-16 16:51:06
8,26,,,4,3,night,LifeTime,2043-04-12 16:51:06
16,76,,,15,5,week,Lifetime,2036-02-22 16:51:06
24,27,,,11,2,afternoon,lifetime,2044-03-31 16:51:06
9,113,,,10,3,night,lifetime,2043-07-14 16:51:06
22,224,,,11,4,afternoon,LifeTime,2043-07-19 16:51:06
8,57,,,4,4,week,lifetime,2041-03-02 16:51:06
23,189,,,14,4,morning&night,Lifetime,2041-08-20 16:51:06
27,151,,,5,4,week,Live time,2041-07-27 16:51:06
36,190,,,16,16,night,LifeTime,2043-09-09 16:51:06
17,78,,,1,0.5,morning,Live time,2042-10-03 16:51:06
12,207,,,24,16,night,Live time,2040-05-20 16:51:06
26,15,,,12,4,night,lifetime,2042-12-04 16:51:06
23,55,,,9,16,morning,Lifetime,2039-02-09 16:51:06
25,133,,,25,0.5,morning,Lifetime,2039-07-28 16:51:06
6,105,,,6,1,morning&night,Lifetime,2043-04-14 16:51:06
35,126,,,2,5,night,Live time,2037-06-26 16:51:06
34,164,,,18,2,afternoon,Live time,2044-01-26 16:51:06
24,18,,,19,5,morning&night,lifetime,2038-01-29 16:51:06
26,151,,,12,0.5,night,Lifetime,2045-03-03 16:51:06
26,8,,,13,5,week,LifeTime,2042-02-22 16:51:06
29,159,,,6,4,morning,Lifetime,2043-08-26 16:51:06
25,223,,,23,0.5,morning&night,Live time,2036-09-18 16:51:06
20,131,,,12,3,morning&night,LifeTime,2041-08-18 16:51:06
16,81,,,4,2,morning,LifeTime,2036-10-12 16:51:06
6,117,,,16,4,night,LifeTime,2039-07-23 16:51:06
24,127,,,25,2,night,lifetime,2044-12-17 16:51:06
13,136,,,7,5,morning,Live time,2040-02-02 16:51:06
12,186,,,1,2,morning,lifetime,2039-06-25 16:51:06
7,123,,,4,4,morning&night,lifetime,2042-03-21 16:51:06
24,198,,,21,1,morning&night,LifeTime,2037-11-25 16:51:06
22,77,,,18,2,afternoon,lifetime,2038-10-19 16:51:06
15,42,,,9,0.5,morning,lifetime,2038-01-22 16:51:06
27,142,,,18,2,morning&night,LifeTime,2043-08-23 16:51:06
23,209,,,19,1,night,lifetime,2039-03-27 16:51:06
26,160,,,18,3,morning,LifeTime,2036-01-25 16:51:06
8,124,,,4,3,morning,lifetime,2040-07-10 16:51:06
16,104,,,23,4,week,Live time,2042-08-27 16:51:06
24,95,,,11,16,night,lifetime,2044-03-20 16:51:06
34,199,,,19,1,morning,Live time,2036-10-31 16:51:06
24,120,,,22,5,afternoon,Live time,2038-05-05 16:51:06
14,61,,,20,2,morning&night,Live time,2037-10-19 16:51:06
26,183,,,11,3,afternoon,lifetime,2036-06-22 16:51:06
12,125,,,12,3,afternoon,LifeTime,2038-11-28 16:51:06
27,200,,,20,4,night,lifetime,2040-04-16 16:51:06
11,213,,,11,4,morning,Lifetime,2041-09-19 16:51:06
30,122,,,19,3,night,LifeTime,2041-11-20 16:51:06
35,44,,,13,0.5,morning&night,LifeTime,2044-11-13 16:51:06
32,181,,,14,4,morning&night,LifeTime,2037-09-06 16:51:06
9,173,,,24,5,week,Live time,2037-01-09 16:51:06
34,155,,,11,4,morning,Live time,2037-09-19 16:51:06
30,82,,,3,4,morning,Live time,2039-06-01 16:51:06
8,130,,,3,1,night,lifetime,2044-03-25 16:51:06
14,41,,,15,4,morning&night,Live time,2042-08-24 16:51:06
33,151,,,7,1,morning&night,Lifetime,2042-02-19 16:51:06
24,207,,,14,5,morning&night,lifetime,2042-04-11 16:51:06
30,3,,,5,16,morning&night,lifetime,2039-11-19 16:51:06
8,144,,,1,5,week,Lifetime,2036-12-21 16:51:06
23,224,,,1,1,afternoon,Live time,2042-10-02 16:51:06
29,85,,,13,3,afternoon,LifeTime,2043-03-04 16:51:06
35,48,,,5,1,week,Live time,2045-03-14 16:51:06
31,96,,,5,2,night,LifeTime,2035-11-15 16:51:06
6,22,,,5,5,afternoon,Live time,2037-04-07 16:51:06
13,25,,,21,16,afternoon,Live time,2044-08-03 16:51:06
32,182,,,20,1,afternoon,Live time,2041-12-07 16:51:06
33,213,,,13,2,night,LifeTime,2040-07-03 16:51:06
5,158,,,19,3,night,Lifetime,2040-05-07 16:51:06
28,143,,,2,0.5,week,Live time,2043-08-25 16:51:06
12,98,,,19,3,morning,LifeTime,2043-12-06 16:51:06
22,191,,,15,4,morning,lifetime,2038-06-29 16:51:06
9,124,,,22,5,week,Lifetime,2042-08-14 16:51:06
26,17,,,18,16,morning,Live time,2040-10-31 16:51:06
35,135,,,19,5,morning&night,Live time,2039-09-13 16:51:06
23,208,,,10,1,morning,Lifetime,2043-11-23 16:51:06
21,204,,,2,5,afternoon,LifeTime,2042-03-02 16:51:06
23,17,,,24,4,morning,Lifetime,2041-03-06 16:51:06
13,25,,,17,0.5,morning&night,Lifetime,2037-03-24 16:51:06
22,161,,,9,16,morning&night,lifetime,2044-01-21 16:51:06
16,32,,,19,5,night,Live time,2039-11-21 16:51:06
16,210,,,9,16,night,Live time,2037-10-08 16:51:06
7,208,,,11,0.5,night,LifeTime,2045-02-18 16:51:06
31,130,,,25,3,night,Live time,2043-11-19 16:51:06
15,167,,,7,4,morning&night,lifetime,2042-12-11 16:51:06
12,71,,,2,1,afternoon,Live time,2041-01-30 16:51:06
35,81,,,24,16,week,LifeTime,2040-01-01 16:51:06
29,178,,,16,2,night,Live time,2035-11-16 16:51:06
33,77,,,13,5,morning&night,lifetime,2036-10-31 16:51:06
27,140,,,14,4,morning&night,Lifetime,2038-10-10 16:51:06
11,72,,,9,5,week,Live time,2040-11-29 16:51:06
20,201,,,24,5,week,LifeTime,2041-07-28 16:51:06
16,90,,,11,4,morning,lifetime,2045-01-25 16:51:06
5,21,,,14,0.5,week,lifetime,2043-06-06 16:51:06
27,118,,,8,5,morning&night,Lifetime,2037-11-27 16:51:06
6,12,,,20,0.5,morning,LifeTime,2042-06-19 16:51:06
12,167,,,23,0.5,morning,LifeTime,2039-12-16 16:51:06
16,172,,,4,5,night,Lifetime,2039-01-17 16:51:06
9,123,,,21,3,morning&night,Live time,2043-07-04 16:51:06
25,174,,,9,1,morning,Lifetime,2044-06-16 16:51:06
29,19,,,13,2,morning,Lifetime,2044-11-09 16:51:06
16,71,,,15,0.5,afternoon,LifeTime,2042-08-02 16:51:06
16,104,,,21,3,morning,LifeTime,2041-10-21 16:51:06
32,200,,,7,4,morning,Live time,2043-10-07 16:51:06
11,70,,,2,0.5,morning,Lifetime,2044-06-16 16:51:06
6,118,,,16,1,morning,lifetime,2043-03-13 16:51:06
22,103,,,5,5,morning&night,Live time,2042-03-09 16:51:06
36,1,,,16,3,afternoon,lifetime,2041-10-19 16:51:06
5,61,,,13,5,afternoon,lifetime,2042-02-07 16:51:06
27,141,,,11,5,morning&night,Live time,2036-05-12 16:51:06
10,165,,,12,4,morning&night,lifetime,2045-03-05 16:51:06
23,121,,,21,1,night,lifetime,2040-01-19 16:51:06
17,173,,,10,5,afternoon,lifetime,2042-10-25 16:51:06
27,180,,,16,0.5,afternoon,LifeTime,2037-04-24 16:51:06
17,13,,,1,5,week,LifeTime,2041-03-24 16:51:06
9,103,,,18,5,morning&night,Live time,2041-09-24 16:51:06
33,217,,,1,0.5,morning&night,lifetime,2039-07-13 16:51:06
7,205,,,13,0.5,night,Live time,2043-05-07 16:51:06
14,226,,,24,4,night,lifetime,2036-02-27 16:51:06
14,192,,,16,5,morning,Live time,2042-09-04 16:51:06
20,15,,,23,5,night,lifetime,2037-09-03 16:51:06
8,165,,,10,16,morning,Live time,2042-08-06 16:51:06
9,47,,,4,0.5,afternoon,LifeTime,2036-06-13 16:51:06
17,209,,,14,2,afternoon,Lifetime,2037-02-04 16:51:06
13,179,,,11,16,night,lifetime,2042-05-24 16:51:06
26,48,,,3,0.5,morning&night,LifeTime,2044-03-27 16:51:06
15,110,,,23,2,week,LifeTime,2040-08-29 16:51:06
7,66,,,5,0.5,week,Live time,2044-06-18 16:51:06
6,44,,,16,0.5,morning,lifetime,2037-10-02 16:51:06
23,26,,,14,5,afternoon,LifeTime,2038-01-20 16:51:06
22,40,,,17,3,afternoon,LifeTime,2037-09-12 16:51:06
7,160,,,20,1,afternoon,lifetime,2042-10-10 16:51:06
24,215,,,12,3,morning,LifeTime,2037-11-23 16:51:06
11,34,,,20,2,week,LifeTime,2040-12-12 16:51:06
18,201,,,9,0.5,night,lifetime,2044-09-03 16:51:06
35,42,,,16,1,night,lifetime,2036-05-07 16:51:06
28,169,,,10,1,afternoon,Lifetime,2039-06-29 16:51:06
34,161,,,2,0.5,morning,LifeTime,2037-07-07 16:51:06
6,205,,,16,4,morning,lifetime,2038-05-19 16:51:06
33,188,,,19,4,morning&night,Live time,2037-12-21 16:51:06
25,195,,,8,16,morning,Lifetime,2038-04-18 16:51:06
20,29,,,24,3,night,Live time,2038-03-20 16:51:06
35,22,,,19,3,morning,Live time,2037-05-14 16:51:06
34,59,,,6,3,morning&night,LifeTime,2040-11-15 16:51:06
17,188,,,21,2,morning&night,LifeTime,2039-07-05 16:51:06
7,36,,,23,4,morning,Lifetime,2037-04-10 16:51:06
34,32,,,15,3,night,Lifetime,2038-03-17 16:51:06
15,79,,,21,4,night,LifeTime,2036-09-17 16:51:06
36,109,,,7,4,afternoon,Live time,2038-11-15 16:51:06
32,4,,,24,16,night,LifeTime,2039-05-31 16:51:06
19,115,,,19,1,week,lifetime,2040-06-05 16:51:06
7,15,,,16,5,week,lifetime,2040-07-07 16:51:06
30,139,,,16,16,morning,Live time,2041-04-18 16:51:06
10,65,,,18,16,morning,Live time,2038-03-09 16:51:06
27,37,,,10,1,morning,lifetime,2041-02-14 16:51:06
24,175,,,6,5,afternoon,lifetime,2040-11-04 16:51:06
13,122,,,23,3,night,Lifetime,2042-10-09 16:51:06
5,122,,,21,0.5,afternoon,Lifetime,2041-09-11 16:51:06
23,12,,,14,16,morning&night,LifeTime,2044-07-29 16:51:06
10,179,,,20,2,morning,Lifetime,2045-09-13 16:51:06
12,17,,,13,2,afternoon,lifetime,2039-11-04 16:51:06
16,97,,,21,4,morning,LifeTime,2037-04-17 16:51:06
20,89,,,18,0.5,afternoon,LifeTime,2044-03-09 16:51:06
19,194,,,11,2,morning&night,Live time,2038-11-07 16:51:06
9,17,,,12,2,afternoon,Live time,2041-05-13 16:51:06
12,138,,,16,5,week,Lifetime,2040-10-23 16:51:06
28,162,,,22,5,morning,LifeTime,2045-08-27 16:51:06
10,121,,,3,3,night,Lifetime,2036-08-09 16:51:06
15,31,,,9,0.5,night,Live time,2037-06-06 16:51:06
18,227,,,17,5,morning,Lifetime,2040-05-31 16:51:06
13,178,,,16,2,afternoon,Live time,2044-01-06 16:51:06
6,169,,,10,1,morning,lifetime,2045-07-08 16:51:06
19,209,,,17,5,morning&night,Live time,2042-03-26 16:51:06
25,91,,,16,4,week,Live time,2040-11-16 16:51:06
13,81,,,10,1,morning&night,LifeTime,2041-03-04 16:51:06
23,99,,,25,16,morning,LifeTime,2039-09-14 16:51:06
34,76,,,6,4,night,Lifetime,2037-10-14 16:51:06
14,48,,,6,1,morning,lifetime,2039-04-17 16:51:06
13,151,,,15,2,morning&night,LifeTime,2038-01-16 16:51:06
7,147,,,22,2,morning&night,LifeTime,2039-12-04 16:51:06
15,118,,,18,2,morning,lifetime,2040-04-12 16:51:06
14,131,,,15,2,night,lifetime,2044-01-09 16:51:06
26,143,,,21,5,morning&night,Live time,2038-12-29 16:51:06
14,197,,,19,5,afternoon,Lifetime,2043-06-21 16:51:06
35,32,,,2,1,week,lifetime,2039-03-13 16:51:06
30,7,,,20,16,night,Live time,2039-10-01 16:51:06
25,27,,,2,4,night,LifeTime,2044-07-03 16:51:06
22,200,,,7,0.5,morning,Live time,2043-05-03 16:51:06
10,175,,,17,3,night,Live time,2039-04-22 16:51:06
8,158,,,22,2,afternoon,LifeTime,2043-10-09 16:51:06
32,222,,,12,3,morning&night,lifetime,2038-12-07 16:51:06
27,92,,,10,3,week,lifetime,2038-02-28 16:51:06
33,190,,,24,3,afternoon,Lifetime,2037-07-30 16:51:06
32,210,,,24,3,night,lifetime,2037-05-09 16:51:06
