id,hospital_id,patient_id,path,notes,created_at,updated_at
2,3,1,pdfs/NsoW53Yi5IQSOVUF2RVy22Q2Jhik4XvP84Hc9i92.pdf,installing pacemaker,2023-07-04 15:00:00,2025-01-02 18:41:37
3,2,1,pdfs/cKv857iHqY0bdysfaMJC7WVAOZEIVwLdcNic4Gbe.pdf,Toe amputation,2023-11-13 14:00:00,2025-01-02 18:40:04
4,1,1,pdfs/GARup8W4MTjfJHplpcvNblIp1qvOfHLQz4eIbGgy.pdf,Open Heart Surgery,2017-04-10 15:00:00,2025-01-02 18:36:26
5,1,2,pdfs/7ada8afe0f6b451e8f661ed0d22c02fc.pdf,Follow-up after recent hospitalization,2025-02-16 16:51:06,2025-02-16 16:51:06
6,2,3,pdfs/a3c11d47be884f92ba5c065feb6ee175.pdf,Diabetes management and stabilization,2024-05-04 16:51:06,2024-05-04 16:51:06
7,3,4,pdfs/de742a027e6b4f49b9686854c9036218.pdf,Respiratory complications management,2025-04-10 16:51:06,2025-04-10 16:51:06
8,1,4,pdfs/9dfea7d478af4967b3abe58aa430ef78.pdf,Diabetes management and stabilization,2025-01-15 16:51:06,2025-01-15 16:51:06
9,2,5,pdfs/d4c1b1b2e0444989938647959c8d98d9.pdf,Routine checkup and monitoring,2025-05-14 16:51:06,2025-05-14 16:51:06
10,1,5,pdfs/ec873a3913084b3eafec3a7cd1447f71.pdf,Post-operative follow-up and recovery,2024-10-28 16:51:06,2024-10-28 16:51:06
11,3,5,pdfs/6c9fd96aceed4897a45e2c865c295a0a.pdf,Cardiac monitoring and treatment,2024-10-30 16:51:06,2024-10-30 16:51:06
12,3,6,pdfs/e1af7f18d9304894b1634c78beee4f06.pdf,Post-operative follow-up and recovery,2025-08-31 16:51:06,2025-08-31 16:51:06
13,3,7,pdfs/5bbcd03dba684204aaca3dd3af3f689f.pdf,Emergency department admission,2025-06-25 16:51:06,2025-06-25 16:51:06
14,2,7,pdfs/5de3312e98804321b991b95b4db369bc.pdf,Post-operative follow-up and recovery,2025-03-10 16:51:06,2025-03-10 16:51:06
15,1,8,pdfs/45070dab9806484985fa227a9ce20d42.pdf,Endoscopic examination,2024-04-08 16:51:06,2024-04-08 16:51:06
16,2,12,pdfs/c9115b2f2f984f209d177dd815f8ade5.pdf,Post-operative follow-up and recovery,2025-04-03 16:51:06,2025-04-03 16:51:06
17,1,12,pdfs/3955cf5f9ba343f4835ae0bd145eb02b.pdf,Emergency admission - chest pain evaluation,2024-04-09 16:51:06,2024-04-09 16:51:06
18,1,12,pdfs/6efc1679a2f44133af8b37c157bc1568.pdf,Respiratory complications management,2024-04-08 16:51:06,2024-04-08 16:51:06
19,2,13,pdfs/5e23286bb26349559e8f322ba0a0d18c.pdf,Follow-up after recent hospitalization,2024-02-14 16:51:06,2024-02-14 16:51:06
20,2,13,pdfs/d9dce3bc81314a1bbfb08f79a841ae93.pdf,Scheduled surgical procedure,2024-03-05 16:51:06,2024-03-05 16:51:06
21,2,14,pdfs/4eacee757beb4d9f9cec8c6e0858fefd.pdf,Laboratory workup and assessment,2025-07-16 16:51:06,2025-07-16 16:51:06
22,2,14,pdfs/dd23417333a0448c862e70a93008e548.pdf,Pre-surgical evaluation and preparation,2023-11-20 16:51:06,2023-11-20 16:51:06
23,3,15,pdfs/c903f6a7289144fc91be7a668a46d5df.pdf,Pain management consultation,2024-04-10 16:51:06,2024-04-10 16:51:06
24,3,15,pdfs/bbae01fc811b484e82ce2d3254515775.pdf,Respiratory complications management,2024-02-25 16:51:06,2024-02-25 16:51:06
25,1,16,pdfs/88d12fa3282b4fa9a11600e251340143.pdf,Emergency admission - chest pain evaluation,2024-10-13 16:51:06,2024-10-13 16:51:06
26,1,17,pdfs/c65e3a826e264756a77650f5b42bb32c.pdf,Discharge planning consultation,2025-04-08 16:51:06,2025-04-08 16:51:06
27,3,18,pdfs/b08fc2a1c5334710a04eebb0c4458693.pdf,Respiratory complications management,2024-10-24 16:51:06,2024-10-24 16:51:06
28,3,18,pdfs/ef8cae9b665b458a966354af74434bfb.pdf,Endoscopic examination,2025-04-23 16:51:06,2025-04-23 16:51:06
29,1,19,pdfs/6641878acffd4e559d23b54a3ed166f2.pdf,Cardiac monitoring and treatment,2024-03-26 16:51:06,2024-03-26 16:51:06
30,2,19,pdfs/9e20d77fad714d8c9a76bb4e3d0979d5.pdf,Post-operative follow-up and recovery,2024-01-12 16:51:06,2024-01-12 16:51:06
31,2,19,pdfs/3f1bb2a3b872431f96672141c2be1495.pdf,Scheduled surgical procedure,2025-03-25 16:51:06,2025-03-25 16:51:06
32,3,20,pdfs/a57ebedc7d35403093c48e30860bfb0e.pdf,Physical therapy evaluation,2025-05-21 16:51:06,2025-05-21 16:51:06
33,3,20,pdfs/10f76e62877c41fc8d10f15012ffa044.pdf,Discharge planning consultation,2024-12-28 16:51:06,2024-12-28 16:51:06
34,3,21,pdfs/1ab6201e5b914db99e9e8685d4c7d3fe.pdf,Physical therapy evaluation,2024-03-12 16:51:06,2024-03-12 16:51:06
35,3,22,pdfs/f31da7d7b6124175b5ba929389204ecc.pdf,Post-operative follow-up and recovery,2024-10-10 16:51:06,2024-10-10 16:51:06
36,2,22,pdfs/bf7d1d94f46e4db783047b60e1dc04ae.pdf,Hypertension treatment and monitoring,2024-11-04 16:51:06,2024-11-04 16:51:06
37,2,22,pdfs/e16b7ff83d854a258bf4df5041642c13.pdf,Laboratory workup and assessment,2025-05-08 16:51:06,2025-05-08 16:51:06
38,3,23,pdfs/f141775cce324d1fa71f6cd0f92f3a38.pdf,Follow-up after recent hospitalization,2024-02-17 16:51:06,2024-02-17 16:51:06
39,1,24,pdfs/4e7cb2cf5270494683e500ffeb56cc4f.pdf,Respiratory complications management,2024-11-15 16:51:06,2024-11-15 16:51:06
40,2,25,pdfs/0360ddc78b1747c2bb723513476b49db.pdf,Respiratory complications management,2024-04-08 16:51:06,2024-04-08 16:51:06
41,1,25,pdfs/a46ca3523aa44957a63f8e6e35d26648.pdf,Cardiac catheterization procedure,2024-08-14 16:51:06,2024-08-14 16:51:06
42,1,25,pdfs/f4ed1c327a634ca489de7a81ae67b505.pdf,Pre-surgical evaluation and preparation,2025-05-14 16:51:06,2025-05-14 16:51:06
43,3,26,pdfs/9d54b880ac7746a9b2864a6cdb12a82f.pdf,Laboratory workup and assessment,2025-06-29 16:51:06,2025-06-29 16:51:06
44,1,27,pdfs/1eea9cca867f4a00964ec76df3c0ce13.pdf,Medication adjustment and monitoring,2025-08-29 16:51:06,2025-08-29 16:51:06
45,3,27,pdfs/551c3b47de47458ca28f54929b2c838e.pdf,Wound care and dressing change,2025-03-20 16:51:06,2025-03-20 16:51:06
46,2,28,pdfs/6ae87a1a182942c48fd5c2f47488a736.pdf,Wound care and dressing change,2025-08-12 16:51:06,2025-08-12 16:51:06
47,3,28,pdfs/7f3b40765f914e049346a6a7ecbcfe20.pdf,Post-operative follow-up and recovery,2024-11-09 16:51:06,2024-11-09 16:51:06
48,2,29,pdfs/2128612e46244777b6e7ed4f3c751c49.pdf,Nutritional counseling session,2025-09-16 16:51:06,2025-09-16 16:51:06
49,1,29,pdfs/85913bac282a48dc99ff8bf7388b264a.pdf,Follow-up after recent hospitalization,2024-05-11 16:51:06,2024-05-11 16:51:06
50,3,30,pdfs/8ce1eaa5e3b74c0680dc63a2e69d3f13.pdf,Physical therapy evaluation,2025-05-25 16:51:06,2025-05-25 16:51:06
51,3,30,pdfs/b6e0077b66b248f9abcacc508efb6312.pdf,Medication adjustment and monitoring,2025-07-06 16:51:06,2025-07-06 16:51:06
52,2,30,pdfs/fbcc65fc9c084483a5b047591e663db8.pdf,Emergency admission - chest pain evaluation,2025-04-30 16:51:06,2025-04-30 16:51:06
53,2,31,pdfs/09d4aeb11b23449d978ae8db1c707cb4.pdf,Follow-up after recent hospitalization,2025-05-13 16:51:06,2025-05-13 16:51:06
54,2,32,pdfs/56d74fad54c049788157ecfd88559920.pdf,Endoscopic examination,2024-09-28 16:51:06,2024-09-28 16:51:06
55,3,32,pdfs/1102c77265f44b39acecba5118a3a375.pdf,Post-operative follow-up and recovery,2025-03-17 16:51:06,2025-03-17 16:51:06
56,3,32,pdfs/3b20b958a98341138c42847a8ff2a76f.pdf,Cardiac catheterization procedure,2025-06-29 16:51:06,2025-06-29 16:51:06
57,3,33,pdfs/b0c833e47a07408f9da2dfc729298816.pdf,Emergency department admission,2023-11-17 16:51:06,2023-11-17 16:51:06
58,3,33,pdfs/9c836fb3e475470cb42c50e256969c7f.pdf,Post-operative follow-up and recovery,2025-02-01 16:51:06,2025-02-01 16:51:06
59,1,34,pdfs/be7177b32d714cbab1ae86ddbc913256.pdf,Pain management consultation,2025-02-20 16:51:06,2025-02-20 16:51:06
60,2,35,pdfs/d624c5240acf4ebba8a28942456efba4.pdf,Diabetes management and stabilization,2024-12-06 16:51:06,2024-12-06 16:51:06
61,2,36,pdfs/9cf9d9581d3345b887de5788b995f1d3.pdf,Diabetes management and stabilization,2025-07-02 16:51:06,2025-07-02 16:51:06
62,2,37,pdfs/a16d71929edd4b77bff4af8b8e2594b4.pdf,Pain management consultation,2025-08-17 16:51:06,2025-08-17 16:51:06
63,1,37,pdfs/a7dea300d52944d28998bdb1d00ebb77.pdf,Discharge planning consultation,2024-01-04 16:51:06,2024-01-04 16:51:06
64,1,37,pdfs/52a6dc7aaaa44e32a74c60c8b02f2e9f.pdf,Medication adjustment and monitoring,2024-07-19 16:51:06,2024-07-19 16:51:06
65,3,38,pdfs/f591b8c482f34edf85c2e82448d22b10.pdf,Physical therapy evaluation,2024-12-20 16:51:06,2024-12-20 16:51:06
66,1,38,pdfs/35e41b2e6802416e96845dbc08ec6ee3.pdf,Routine checkup and monitoring,2023-11-18 16:51:06,2023-11-18 16:51:06
67,3,39,pdfs/ce0f38fffa6948e8aeff8de98a1f7bdd.pdf,Pain management consultation,2025-09-11 16:51:06,2025-09-11 16:51:06
68,3,39,pdfs/7a794a01741147088748b2dd89fadaba.pdf,Physical therapy evaluation,2025-02-26 16:51:06,2025-02-26 16:51:06
69,1,39,pdfs/601ea91eb681404caa60d4aec1784361.pdf,Respiratory complications management,2024-10-15 16:51:06,2024-10-15 16:51:06
70,1,40,pdfs/7ac7c27af494431d8d2103817f4cb663.pdf,Follow-up after recent hospitalization,2025-08-18 16:51:06,2025-08-18 16:51:06
71,3,40,pdfs/223963bcddb042cbb2022e722ccabe08.pdf,Physical therapy evaluation,2024-02-29 16:51:06,2024-02-29 16:51:06
72,2,40,pdfs/27c0dcba3f9c4997ac7471a7cffa648d.pdf,Follow-up after recent hospitalization,2025-04-07 16:51:06,2025-04-07 16:51:06
73,1,41,pdfs/365ba50ff12e4fbf9623b713ec80c7d9.pdf,Cardiac catheterization procedure,2025-06-07 16:51:06,2025-06-07 16:51:06
74,2,41,pdfs/063806c1bf0b4d62b2f80adcf7d8936b.pdf,Cardiac monitoring and treatment,2025-03-17 16:51:06,2025-03-17 16:51:06
75,1,41,pdfs/993f11d2fc204a47ac80af5653a068dd.pdf,Physical therapy evaluation,2025-04-09 16:51:06,2025-04-09 16:51:06
76,3,42,pdfs/6d6b0bd523fd4be695b0d38831dd68c2.pdf,Cardiac catheterization procedure,2025-01-15 16:51:06,2025-01-15 16:51:06
77,3,42,pdfs/11363add44834f0693eb994598e7bb9d.pdf,Nutritional counseling session,2024-09-02 16:51:06,2024-09-02 16:51:06
78,1,43,pdfs/1ee8f48cd2924a568393662d3f14457a.pdf,Follow-up after recent hospitalization,2025-07-08 16:51:06,2025-07-08 16:51:06
79,3,43,pdfs/1aa334bb985c4b9f98fd3c6cacf0d321.pdf,Endoscopic examination,2025-05-31 16:51:06,2025-05-31 16:51:06
80,3,43,pdfs/76cf3b5d25764f07acd54ac0eb32f0d3.pdf,Respiratory complications management,2025-08-06 16:51:06,2025-08-06 16:51:06
81,3,44,pdfs/a60672a09d814273a56907b6c8e17e1e.pdf,Cardiac catheterization procedure,2024-10-14 16:51:06,2024-10-14 16:51:06
82,3,44,pdfs/bf798908068d4357992edef84cd381de.pdf,Endoscopic examination,2025-08-13 16:51:06,2025-08-13 16:51:06
83,3,44,pdfs/84789bf47f0c4418af4a6dab939d142d.pdf,Discharge planning consultation,2025-02-27 16:51:06,2025-02-27 16:51:06
84,3,45,pdfs/3e4ef92ee7a54c99a297a51ce8f48ed6.pdf,Nutritional counseling session,2025-04-07 16:51:06,2025-04-07 16:51:06
85,2,45,pdfs/ee376765a32a4d15b2b6a7f691b8a8fb.pdf,Pain management consultation,2024-03-07 16:51:06,2024-03-07 16:51:06
86,1,45,pdfs/7894e0d3177543baa531d706bc72a0a7.pdf,Routine checkup and monitoring,2025-01-31 16:51:06,2025-01-31 16:51:06
87,1,46,pdfs/c031749ce190423bb5f6f4c38e0dea58.pdf,Emergency admission - chest pain evaluation,2025-09-09 16:51:06,2025-09-09 16:51:06
88,1,46,pdfs/3135471089284032bdea5f4cb6195163.pdf,Respiratory complications management,2025-06-10 16:51:06,2025-06-10 16:51:06
89,3,47,pdfs/7e6fac0de7ec428c8b160151d19da572.pdf,Emergency admission - chest pain evaluation,2025-06-17 16:51:06,2025-06-17 16:51:06
90,3,47,pdfs/c9f4a42005b847089c87e3b0c1e6d44f.pdf,Diabetes management and stabilization,2024-07-03 16:51:06,2024-07-03 16:51:06
91,1,48,pdfs/1a9360fa261d4c79a6d1bbee3f4b0fb0.pdf,Medication adjustment and monitoring,2025-05-02 16:51:06,2025-05-02 16:51:06
92,1,48,pdfs/12997c30aade4ad388a90692cb98737e.pdf,Nutritional counseling session,2024-12-03 16:51:06,2024-12-03 16:51:06
93,1,48,pdfs/7eeb3088dc154548911ef45504f661f9.pdf,Nutritional counseling session,2024-08-26 16:51:06,2024-08-26 16:51:06
94,1,49,pdfs/3cbf0ea2a22f411bb491aa7969c6d59e.pdf,Emergency department admission,2025-02-08 16:51:06,2025-02-08 16:51:06
95,3,49,pdfs/6017ab2bcf4d444980a351db004c58b2.pdf,Laboratory workup and assessment,2024-11-02 16:51:06,2024-11-02 16:51:06
96,2,50,pdfs/a078b2557e4448038c922d2d979b75a6.pdf,Cardiac catheterization procedure,2023-11-27 16:51:06,2023-11-27 16:51:06
97,3,50,pdfs/e07b6316e4494a3197c0523eacc638ed.pdf,Pre-surgical evaluation and preparation,2025-09-09 16:51:06,2025-09-09 16:51:06
98,3,51,pdfs/04f19f06cc1f48e788b9f53a9295d0a6.pdf,Medication adjustment and monitoring,2024-03-18 16:51:06,2024-03-18 16:51:06
99,3,52,pdfs/36f97bcf2b854b56920367538bf247b8.pdf,Endoscopic examination,2024-10-07 16:51:06,2024-10-07 16:51:06
100,3,53,pdfs/46caacb020cc48a6a89478b85ee77679.pdf,Diabetes management and stabilization,2024-08-31 16:51:06,2024-08-31 16:51:06
101,3,53,pdfs/2d021e0403b44316b64918b2cc30aaba.pdf,Emergency department admission,2023-11-17 16:51:06,2023-11-17 16:51:06
102,2,53,pdfs/aceddac60dae4261883e4d360bb6ed1f.pdf,Scheduled surgical procedure,2025-07-18 16:51:06,2025-07-18 16:51:06
103,1,54,pdfs/9b3e2b2e9dfe4410bf0883d336dbbe27.pdf,Post-operative follow-up and recovery,2024-09-04 16:51:06,2024-09-04 16:51:06
104,1,55,pdfs/bb33fc0d28a54ef79c07f3ab7cbd0306.pdf,Nutritional counseling session,2025-04-01 16:51:06,2025-04-01 16:51:06
105,2,55,pdfs/fe3966f932d0473dacd933aa0e7b0ada.pdf,Discharge planning consultation,2025-08-07 16:51:06,2025-08-07 16:51:06
106,1,56,pdfs/08c27999fa5645729ca107e3ab7ccf21.pdf,Cardiac monitoring and treatment,2025-05-14 16:51:06,2025-05-14 16:51:06
107,1,56,pdfs/b1b4909dd7524703a0e1e3fb80bd8740.pdf,Cardiac catheterization procedure,2025-07-28 16:51:06,2025-07-28 16:51:06
108,1,57,pdfs/f288dd17155d48ceb8373bcf211ffc47.pdf,Follow-up after recent hospitalization,2024-07-17 16:51:06,2024-07-17 16:51:06
109,3,57,pdfs/0656c2ee16074e2ebfc13d8676cbc844.pdf,Discharge planning consultation,2025-05-27 16:51:06,2025-05-27 16:51:06
110,3,57,pdfs/98357607129942988bbfd1a2b3437c41.pdf,Cardiac catheterization procedure,2025-05-02 16:51:06,2025-05-02 16:51:06
111,1,58,pdfs/70e9bd8af26f4ab08d37350aad0e8a35.pdf,Physical therapy evaluation,2023-11-26 16:51:06,2023-11-26 16:51:06
112,1,58,pdfs/122e489659654693999362cd81bc144d.pdf,Respiratory complications management,2024-07-01 16:51:06,2024-07-01 16:51:06
113,2,58,pdfs/0a430b6a657742c99d56fd3aebcb37b9.pdf,Laboratory workup and assessment,2025-01-18 16:51:06,2025-01-18 16:51:06
114,2,59,pdfs/419fff588ee445d89fb12aabe52b8614.pdf,Diabetes management and stabilization,2025-06-29 16:51:06,2025-06-29 16:51:06
115,2,60,pdfs/1ecb87b15c8d4356b73c8a9b8f7e5392.pdf,Emergency department admission,2025-05-14 16:51:06,2025-05-14 16:51:06
116,1,60,pdfs/b2e8c1a7598549ef981f71470241ac7c.pdf,Follow-up after recent hospitalization,2023-12-05 16:51:06,2023-12-05 16:51:06
117,3,60,pdfs/8997a8050b654358b9368b5b5a3c793e.pdf,Nutritional counseling session,2025-03-03 16:51:06,2025-03-03 16:51:06
118,1,61,pdfs/cb5b88605ea1435aab0b39d3b1645ddd.pdf,Endoscopic examination,2025-08-14 16:51:06,2025-08-14 16:51:06
119,2,61,pdfs/ba2250bae0d84de9a05fd87db0fb26e8.pdf,Follow-up after recent hospitalization,2025-06-21 16:51:06,2025-06-21 16:51:06
120,3,61,pdfs/6d295729aa434245a40079cd1033a85b.pdf,Emergency admission - chest pain evaluation,2025-06-20 16:51:06,2025-06-20 16:51:06
121,2,62,pdfs/34cbb82e0ad54c02a7fa1d183ecfb161.pdf,Post-operative follow-up and recovery,2025-04-22 16:51:06,2025-04-22 16:51:06
122,2,62,pdfs/0b692bee584a4f16af87c35a591db54e.pdf,Emergency department admission,2025-06-14 16:51:06,2025-06-14 16:51:06
123,1,62,pdfs/0fa16811c37a4a1088fe0c4ad8cbd6ff.pdf,Endoscopic examination,2024-01-24 16:51:06,2024-01-24 16:51:06
124,3,63,pdfs/279d8930dfa540748877fbabd1bbbe6b.pdf,Emergency admission - chest pain evaluation,2025-03-21 16:51:06,2025-03-21 16:51:06
125,2,63,pdfs/940bc24d99694e1f865c64dc573e535f.pdf,Diabetes management and stabilization,2024-02-09 16:51:06,2024-02-09 16:51:06
126,2,63,pdfs/0f32dfdb13b24a35b17f89081b83582b.pdf,Post-operative follow-up and recovery,2025-02-06 16:51:06,2025-02-06 16:51:06
127,3,64,pdfs/85c97e6fdedc434bb516752277a6ff08.pdf,Scheduled surgical procedure,2025-01-25 16:51:06,2025-01-25 16:51:06
128,3,65,pdfs/9d0af24d18b8476baccd829224cedbe0.pdf,Diabetes management and stabilization,2024-11-24 16:51:06,2024-11-24 16:51:06
129,2,66,pdfs/58bd51604a3a471988068ea551aaa83c.pdf,Diabetes management and stabilization,2024-04-29 16:51:06,2024-04-29 16:51:06
130,3,66,pdfs/18ea0847035c426b8833478900738033.pdf,Pain management consultation,2024-05-08 16:51:06,2024-05-08 16:51:06
131,3,66,pdfs/04f8148f6b874241bd099d455ffac471.pdf,Scheduled surgical procedure,2024-05-23 16:51:06,2024-05-23 16:51:06
132,3,67,pdfs/88de59727df0449a86ced99d69588c08.pdf,Medication adjustment and monitoring,2025-07-28 16:51:06,2025-07-28 16:51:06
133,3,67,pdfs/4e4e07b146224c8ea815ebe47b290dd6.pdf,Scheduled surgical procedure,2025-05-14 16:51:06,2025-05-14 16:51:06
134,1,67,pdfs/586f23fb75304818a5dcffc0867b88f0.pdf,Pre-surgical evaluation and preparation,2025-09-08 16:51:06,2025-09-08 16:51:06
135,1,68,pdfs/a744551725704d1ba3a94cee87374d5e.pdf,Hypertension treatment and monitoring,2024-12-29 16:51:06,2024-12-29 16:51:06
136,2,68,pdfs/decd58ca6a8042a5b59794bb276bd57c.pdf,Medication adjustment and monitoring,2025-04-11 16:51:06,2025-04-11 16:51:06
137,3,68,pdfs/a6e33b1f23f1468196cc2c080f7b472e.pdf,Cardiac catheterization procedure,2025-04-13 16:51:06,2025-04-13 16:51:06
138,2,69,pdfs/4837f9465cec4b288001d996ad26ddaa.pdf,Nutritional counseling session,2024-10-27 16:51:06,2024-10-27 16:51:06
139,3,70,pdfs/8dceb41ff33346d2ba15a5d1d595e98f.pdf,Scheduled surgical procedure,2024-09-23 16:51:06,2024-09-23 16:51:06
140,3,71,pdfs/9d11a2fdc7bb4551942d5f44f136ab57.pdf,Scheduled surgical procedure,2025-09-12 16:51:06,2025-09-12 16:51:06
141,2,71,pdfs/7c7b54555b2c4ace8bdb9a299b8dfd90.pdf,Post-operative follow-up and recovery,2024-01-02 16:51:06,2024-01-02 16:51:06
142,2,71,pdfs/9d29fbe8c3364a66ba208cfb9de88872.pdf,Emergency department admission,2024-06-30 16:51:06,2024-06-30 16:51:06
143,1,72,pdfs/ffa7bac27d5640b788ed5497ce1eacbb.pdf,Medication adjustment and monitoring,2025-06-04 16:51:06,2025-06-04 16:51:06
144,2,72,pdfs/73240568a7a344edaf377f9e0b1477ad.pdf,Routine checkup and monitoring,2025-04-17 16:51:06,2025-04-17 16:51:06
145,2,72,pdfs/57549572253c42e7a8cd999dfb4b39d3.pdf,Hypertension treatment and monitoring,2025-07-27 16:51:06,2025-07-27 16:51:06
146,3,73,pdfs/3e53c8414c9048489416da94612dee50.pdf,Nutritional counseling session,2025-04-18 16:51:06,2025-04-18 16:51:06
147,3,74,pdfs/999178b2515445f09d45d72b333c5ce7.pdf,Endoscopic examination,2025-08-01 16:51:06,2025-08-01 16:51:06
148,1,74,pdfs/ea0cc78796a241f7a76715ee80f6eb51.pdf,Nutritional counseling session,2025-01-12 16:51:06,2025-01-12 16:51:06
149,1,75,pdfs/a292c477e7cc46899129db4b33daea39.pdf,Discharge planning consultation,2025-09-14 16:51:06,2025-09-14 16:51:06
150,2,76,pdfs/c4597fc63bdb494889a1dcf4ab06f619.pdf,Scheduled surgical procedure,2025-01-22 16:51:06,2025-01-22 16:51:06
151,2,76,pdfs/b5e73ccba94744eb8fe1a345d3caf702.pdf,Endoscopic examination,2025-07-04 16:51:06,2025-07-04 16:51:06
152,1,76,pdfs/5616db3641f74f07bae7673f8aa12153.pdf,Physical therapy evaluation,2025-04-09 16:51:06,2025-04-09 16:51:06
153,1,77,pdfs/5117d7049fd34e7295565b226391e13f.pdf,Follow-up after recent hospitalization,2025-07-15 16:51:06,2025-07-15 16:51:06
154,1,78,pdfs/95e157161fdb427191923d6e343d79e4.pdf,Discharge planning consultation,2025-08-14 16:51:06,2025-08-14 16:51:06
155,1,78,pdfs/f2a47369674e4e5490cf1e1a10aa9358.pdf,Nutritional counseling session,2024-04-09 16:51:06,2024-04-09 16:51:06
156,3,79,pdfs/92f434d9a19b4c91b08daa901fe0218f.pdf,Emergency department admission,2025-01-14 16:51:06,2025-01-14 16:51:06
157,3,79,pdfs/e76b9c902f464bb499563f1c3cfd5c29.pdf,Post-operative follow-up and recovery,2025-09-03 16:51:06,2025-09-03 16:51:06
158,3,80,pdfs/e4150d2a784e42b7979e587da369db99.pdf,Cardiac catheterization procedure,2024-12-25 16:51:06,2024-12-25 16:51:06
159,1,81,pdfs/754a99b28bd34600aa7d53d228d66aca.pdf,Hypertension treatment and monitoring,2024-10-29 16:51:06,2024-10-29 16:51:06
160,1,81,pdfs/1ba4e1821d9149d5b9c07eecff445ca5.pdf,Scheduled surgical procedure,2025-06-02 16:51:06,2025-06-02 16:51:06
161,2,82,pdfs/cb4c2cf4d4ec47e4b8ed85f4f9d1aa01.pdf,Cardiac catheterization procedure,2025-02-24 16:51:06,2025-02-24 16:51:06
162,3,83,pdfs/992077647a9246aca227647fbc197586.pdf,Discharge planning consultation,2025-05-25 16:51:06,2025-05-25 16:51:06
163,1,83,pdfs/07e60916663045f28ba51ff9843f7e68.pdf,Endoscopic examination,2025-01-04 16:51:06,2025-01-04 16:51:06
164,2,83,pdfs/798ead9bda794ac4bed6ee3803bd682e.pdf,Respiratory complications management,2023-11-24 16:51:06,2023-11-24 16:51:06
165,2,84,pdfs/91a63413df9243cf9dd70fa691e4372e.pdf,Hypertension treatment and monitoring,2025-06-19 16:51:06,2025-06-19 16:51:06
166,3,85,pdfs/12bcb45938b34683a1771fd6f62578cd.pdf,Pre-surgical evaluation and preparation,2024-11-17 16:51:06,2024-11-17 16:51:06
167,2,85,pdfs/eccea7aef4a5443aac2d1d33e70a8dfd.pdf,Cardiac catheterization procedure,2025-08-05 16:51:06,2025-08-05 16:51:06
168,2,85,pdfs/e5fbd6d6ac32424a99dd3f56bf69ba5d.pdf,Endoscopic examination,2025-03-10 16:51:06,2025-03-10 16:51:06
169,2,86,pdfs/e8948e873340406f9a76081ffe44340c.pdf,Respiratory complications management,2025-01-13 16:51:06,2025-01-13 16:51:06
170,3,86,pdfs/37ed770e0d7a4527a4ba2ded4a49bae8.pdf,Pre-surgical evaluation and preparation,2024-12-09 16:51:06,2024-12-09 16:51:06
171,3,87,pdfs/b6a67733ebbb4781bc70229723a0bf3c.pdf,Scheduled surgical procedure,2025-07-10 16:51:06,2025-07-10 16:51:06
172,1,88,pdfs/7b0836771d3f47a39ae1f978413de48d.pdf,Physical therapy evaluation,2024-02-17 16:51:06,2024-02-17 16:51:06
173,3,88,pdfs/934b62bdcc9a4e2693a0f1d918ff2beb.pdf,Discharge planning consultation,2025-09-18 16:51:06,2025-09-18 16:51:06
174,3,88,pdfs/3516e7ef26a040aabb624e42bcde5af9.pdf,Discharge planning consultation,2025-04-12 16:51:06,2025-04-12 16:51:06
175,1,89,pdfs/01e3e250593b4cbaaef70bec7d7ef62b.pdf,Nutritional counseling session,2025-01-13 16:51:06,2025-01-13 16:51:06
176,2,90,pdfs/17d8c013a64d4b8abeea111d27ca5d97.pdf,Cardiac monitoring and treatment,2024-11-09 16:51:06,2024-11-09 16:51:06
177,2,90,pdfs/9954b14972e9420b8411e85a7accfd7a.pdf,Discharge planning consultation,2025-04-18 16:51:06,2025-04-18 16:51:06
178,3,90,pdfs/eda2e6b034a24f318146274266e7346f.pdf,Cardiac monitoring and treatment,2024-04-02 16:51:06,2024-04-02 16:51:06
179,3,91,pdfs/eaf6306f8b514c9b8b4b508abed488da.pdf,Laboratory workup and assessment,2025-02-08 16:51:06,2025-02-08 16:51:06
180,2,91,pdfs/8ba2179437a644a2a3dc8dd40e66d7de.pdf,Hypertension treatment and monitoring,2025-02-13 16:51:06,2025-02-13 16:51:06
181,3,92,pdfs/e2dd790c61104599a924ef9f1c735152.pdf,Physical therapy evaluation,2025-07-23 16:51:06,2025-07-23 16:51:06
182,1,92,pdfs/19ba5cc56a2a467d91e1411fe00f6a2a.pdf,Respiratory complications management,2025-03-21 16:51:06,2025-03-21 16:51:06
183,3,92,pdfs/468cc1a13f9341188cfc17a0798a81a1.pdf,Cardiac monitoring and treatment,2023-12-07 16:51:06,2023-12-07 16:51:06
184,3,93,pdfs/5c23528837254876aca2678c0bcb758f.pdf,Endoscopic examination,2025-02-25 16:51:06,2025-02-25 16:51:06
185,1,93,pdfs/c4660c7888f24365873b1b6f2c69c52a.pdf,Wound care and dressing change,2025-07-01 16:51:06,2025-07-01 16:51:06
186,1,93,pdfs/430aed24a65847b091a51bd100e30a91.pdf,Endoscopic examination,2025-09-05 16:51:06,2025-09-05 16:51:06
187,1,94,pdfs/0bba48c5cdc046889ab1a6256f36a0c2.pdf,Physical therapy evaluation,2024-10-30 16:51:06,2024-10-30 16:51:06
188,2,95,pdfs/7480d7a08fc4409f8b0599ff5d67254c.pdf,Medication adjustment and monitoring,2025-03-06 16:51:06,2025-03-06 16:51:06
189,1,95,pdfs/b754070388384ab09fe3ac0480084574.pdf,Cardiac catheterization procedure,2025-09-15 16:51:06,2025-09-15 16:51:06
190,3,96,pdfs/3fcecc8bd9d04ae899a86c8d2aece649.pdf,Pre-surgical evaluation and preparation,2023-11-12 16:51:06,2023-11-12 16:51:06
191,2,97,pdfs/dbb3019d66b84b54a0de561feef8aee5.pdf,Discharge planning consultation,2024-12-27 16:51:06,2024-12-27 16:51:06
192,1,97,pdfs/6a36bec12da04a25b89152d7d6e9793a.pdf,Laboratory workup and assessment,2025-04-24 16:51:06,2025-04-24 16:51:06
193,2,97,pdfs/999f14158dba46748516895cdb1228dc.pdf,Scheduled surgical procedure,2024-12-21 16:51:06,2024-12-21 16:51:06
194,2,98,pdfs/c13ada1d0f79469cbe5c0250b2866949.pdf,Hypertension treatment and monitoring,2025-04-25 16:51:06,2025-04-25 16:51:06
195,3,98,pdfs/bd53d389c21648dd81b33b832362d827.pdf,Endoscopic examination,2025-04-12 16:51:06,2025-04-12 16:51:06
196,2,98,pdfs/e2b46c0d002d45bab9a66fb5e5246436.pdf,Follow-up after recent hospitalization,2024-06-23 16:51:06,2024-06-23 16:51:06
197,3,99,pdfs/4e44785975c54231a02c16da5a7d2711.pdf,Medication adjustment and monitoring,2024-03-01 16:51:06,2024-03-01 16:51:06
198,1,100,pdfs/e4507121a52b4173b9ad4cc466fe92ab.pdf,Pre-surgical evaluation and preparation,2025-08-30 16:51:06,2025-08-30 16:51:06
199,1,101,pdfs/fabb06ae2a384868881c075b30c93777.pdf,Endoscopic examination,2025-07-14 16:51:06,2025-07-14 16:51:06
200,3,102,pdfs/f8d1d11b547e48f4bfff3efea0c8458d.pdf,Hypertension treatment and monitoring,2024-05-23 16:51:06,2024-05-23 16:51:06
201,2,102,pdfs/a05e7006196845a7bd6993b397d39f83.pdf,Post-operative follow-up and recovery,2024-05-30 16:51:06,2024-05-30 16:51:06
202,2,102,pdfs/7eaa475f437f4ca59f52835298212382.pdf,Wound care and dressing change,2024-10-26 16:51:06,2024-10-26 16:51:06
203,3,103,pdfs/981e28b547c740ab8a07e4df31f96b70.pdf,Pain management consultation,2025-07-25 16:51:06,2025-07-25 16:51:06
204,1,104,pdfs/d82d091cb93c48d0905bb753da3ac3bb.pdf,Discharge planning consultation,2025-09-13 16:51:06,2025-09-13 16:51:06
205,1,105,pdfs/608be55ce7b94b06b6c7fdcd27b33e99.pdf,Physical therapy evaluation,2025-08-05 16:51:06,2025-08-05 16:51:06
206,1,105,pdfs/11c51c9b5b43481aaa071c97c0a81817.pdf,Cardiac monitoring and treatment,2024-02-19 16:51:06,2024-02-19 16:51:06
207,1,105,pdfs/672c7ae8073b4bb2bf15a7ca2ad5fba5.pdf,Respiratory complications management,2025-07-23 16:51:06,2025-07-23 16:51:06
208,2,106,pdfs/ba5eed4ccf214e73bbce775df82de094.pdf,Discharge planning consultation,2024-12-13 16:51:06,2024-12-13 16:51:06
209,3,106,pdfs/3c339d90ac8c416ba659e1eef6482f3f.pdf,Emergency department admission,2025-09-24 16:51:06,2025-09-24 16:51:06
210,1,106,pdfs/6be814bcb97f4c4ea2116f754f5ba2ef.pdf,Follow-up after recent hospitalization,2025-07-01 16:51:06,2025-07-01 16:51:06
211,2,107,pdfs/8ad45577809f43669581f419c498bcb5.pdf,Pain management consultation,2025-07-21 16:51:06,2025-07-21 16:51:06
212,3,107,pdfs/b3fadf053e254a6fbaeec7c4c2c5dc57.pdf,Discharge planning consultation,2025-08-02 16:51:06,2025-08-02 16:51:06
213,3,108,pdfs/8c80447504c744a8942113f662180973.pdf,Pre-surgical evaluation and preparation,2024-11-05 16:51:06,2024-11-05 16:51:06
214,3,109,pdfs/55e8cc44a2a949f596da6a40186ba313.pdf,Medication adjustment and monitoring,2024-10-19 16:51:06,2024-10-19 16:51:06
215,3,110,pdfs/99a8faf0de244cbc94f511dc0f9be048.pdf,Laboratory workup and assessment,2025-09-02 16:51:06,2025-09-02 16:51:06
216,2,110,pdfs/7fd2c8a4f9704a8ea5e2979cfdd3ed52.pdf,Routine checkup and monitoring,2025-08-06 16:51:06,2025-08-06 16:51:06
217,1,110,pdfs/78294e83e5c84889b291deb41b465e68.pdf,Physical therapy evaluation,2025-01-31 16:51:06,2025-01-31 16:51:06
218,2,111,pdfs/b285a4330d93419f8203819d392e4031.pdf,Follow-up after recent hospitalization,2024-05-11 16:51:06,2024-05-11 16:51:06
219,1,111,pdfs/640914f5dcae4a48848aa81f0f51e60b.pdf,Follow-up after recent hospitalization,2025-07-18 16:51:06,2025-07-18 16:51:06
220,3,111,pdfs/037182e306a84dfeb8e2a636bb083e0e.pdf,Nutritional counseling session,2025-09-15 16:51:06,2025-09-15 16:51:06
221,1,112,pdfs/fe9fa2de8405429291c5ba60ddf25ed0.pdf,Cardiac monitoring and treatment,2025-08-23 16:51:06,2025-08-23 16:51:06
222,3,112,pdfs/6c62005bd5494429a1ef23af959963fa.pdf,Routine checkup and monitoring,2025-01-21 16:51:06,2025-01-21 16:51:06
223,3,112,pdfs/79bb5a134b5348b9bdfa8d14d1a5d6c4.pdf,Physical therapy evaluation,2024-11-12 16:51:06,2024-11-12 16:51:06
224,2,113,pdfs/362b6aa4884048f7bf2c165159540f15.pdf,Physical therapy evaluation,2024-03-10 16:51:06,2024-03-10 16:51:06
225,2,113,pdfs/213e7f266a114a2fa8da818185544fff.pdf,Wound care and dressing change,2025-06-26 16:51:06,2025-06-26 16:51:06
226,2,114,pdfs/1188a8be95d145cc9e04acf6ffa58bd5.pdf,Discharge planning consultation,2024-12-20 16:51:06,2024-12-20 16:51:06
227,1,114,pdfs/e1a24f54723c44a1968e4a5371b60b7a.pdf,Pre-surgical evaluation and preparation,2025-04-03 16:51:06,2025-04-03 16:51:06
228,1,115,pdfs/8ff1badc8ea2406bbefd3e9c353ffe13.pdf,Scheduled surgical procedure,2024-01-25 16:51:06,2024-01-25 16:51:06
229,2,115,pdfs/4c9cc23a376c4ef6a5300fa48257ad5c.pdf,Nutritional counseling session,2024-12-14 16:51:06,2024-12-14 16:51:06
230,2,116,pdfs/5994eec56eda4025aad3d6833131b9b8.pdf,Routine checkup and monitoring,2025-07-13 16:51:06,2025-07-13 16:51:06
231,3,116,pdfs/17222c991c43473990dbf1526b76a9bf.pdf,Physical therapy evaluation,2025-01-31 16:51:06,2025-01-31 16:51:06
232,2,117,pdfs/cabea1215b644ebe8aa05ab53d4bf4ac.pdf,Cardiac catheterization procedure,2024-11-08 16:51:06,2024-11-08 16:51:06
233,2,118,pdfs/8a2c8de2bfc740d68fcada29a917c314.pdf,Pain management consultation,2025-08-17 16:51:06,2025-08-17 16:51:06
234,3,118,pdfs/bfb39bba6e6b4a8eb11619cdd60eaaba.pdf,Pre-surgical evaluation and preparation,2024-12-22 16:51:06,2024-12-22 16:51:06
235,2,119,pdfs/919f4b83a9d64cf583cc93939f04709b.pdf,Follow-up after recent hospitalization,2025-01-05 16:51:06,2025-01-05 16:51:06
236,2,119,pdfs/cbe5975d364a40dcbbfc220016441596.pdf,Laboratory workup and assessment,2023-10-13 16:51:06,2023-10-13 16:51:06
237,1,119,pdfs/dc89f54df6964fc8af5ca7d7755dd2b5.pdf,Nutritional counseling session,2025-04-09 16:51:06,2025-04-09 16:51:06
238,1,120,pdfs/26fe08ca19284146809c19909f72f93f.pdf,Nutritional counseling session,2025-04-27 16:51:06,2025-04-27 16:51:06
239,2,120,pdfs/bd56b15492964e0ea54a5787c29227eb.pdf,Emergency department admission,2025-06-16 16:51:06,2025-06-16 16:51:06
240,2,121,pdfs/921ec1602d454fb9abfa380fccf0f0d9.pdf,Laboratory workup and assessment,2024-07-16 16:51:06,2024-07-16 16:51:06
241,3,121,pdfs/1a16deab7a0145be954ffb845d395f0e.pdf,Post-operative follow-up and recovery,2025-08-04 16:51:06,2025-08-04 16:51:06
242,3,121,pdfs/94f383b9e2ca4948ab83c3485a7b5792.pdf,Respiratory complications management,2025-06-26 16:51:06,2025-06-26 16:51:06
243,1,122,pdfs/5ce6cdb85de34d289d8e9511718e286e.pdf,Cardiac catheterization procedure,2025-02-09 16:51:06,2025-02-09 16:51:06
244,3,123,pdfs/16ae5b925609418fa890b74caff5929b.pdf,Emergency admission - chest pain evaluation,2024-10-12 16:51:06,2024-10-12 16:51:06
245,1,123,pdfs/9fe5ca7e1d4a49e2b13877ccadf8c378.pdf,Routine checkup and monitoring,2025-04-19 16:51:06,2025-04-19 16:51:06
246,1,123,pdfs/4b5a9ae3797040f0816a36e80d7f2cac.pdf,Wound care and dressing change,2024-05-15 16:51:06,2024-05-15 16:51:06
247,2,124,pdfs/06ba9951a699405785382ddaee545e28.pdf,Pre-surgical evaluation and preparation,2025-08-25 16:51:06,2025-08-25 16:51:06
248,1,124,pdfs/f920b1e451844ad9ba7e6f27812032a1.pdf,Follow-up after recent hospitalization,2025-04-27 16:51:06,2025-04-27 16:51:06
249,1,124,pdfs/8ed6fec692464f8986bead99cd7ba0ab.pdf,Laboratory workup and assessment,2024-09-18 16:51:06,2024-09-18 16:51:06
250,3,125,pdfs/099911cef8d942fd8ac83460480ad2b6.pdf,Follow-up after recent hospitalization,2025-02-01 16:51:06,2025-02-01 16:51:06
251,1,125,pdfs/f9a0bfb300c4423aafd314ca31cd0ba7.pdf,Respiratory complications management,2023-12-11 16:51:06,2023-12-11 16:51:06
252,3,125,pdfs/a8936722c7ad4023a1d619ddee5bf758.pdf,Routine checkup and monitoring,2025-02-18 16:51:06,2025-02-18 16:51:06
253,3,126,pdfs/da78d1eed30641bfaaa072f31c5d8a1d.pdf,Physical therapy evaluation,2023-12-30 16:51:06,2023-12-30 16:51:06
254,1,127,pdfs/70672cbbdcb1478c9e1edc29156eeeaf.pdf,Follow-up after recent hospitalization,2025-09-17 16:51:06,2025-09-17 16:51:06
255,3,127,pdfs/c9eb07759e9847499889762d629f84c2.pdf,Hypertension treatment and monitoring,2025-02-05 16:51:06,2025-02-05 16:51:06
256,1,128,pdfs/a929d777bb634f66bd3a08fe43311193.pdf,Endoscopic examination,2024-10-27 16:51:06,2024-10-27 16:51:06
257,1,128,pdfs/55c5e53d08f940f79747cce5359d7f4f.pdf,Respiratory complications management,2024-11-08 16:51:06,2024-11-08 16:51:06
258,1,128,pdfs/dcad82b57f4545838e955ed75ec3352e.pdf,Laboratory workup and assessment,2023-10-07 16:51:06,2023-10-07 16:51:06
259,3,129,pdfs/832e26a9c49e44419e65c4d86b3f018e.pdf,Discharge planning consultation,2025-04-17 16:51:06,2025-04-17 16:51:06
260,1,129,pdfs/be8eeaeed886463f866626184cb583b9.pdf,Scheduled surgical procedure,2025-02-03 16:51:06,2025-02-03 16:51:06
261,3,130,pdfs/928b967276ce40bbb2f8b1e3400b5718.pdf,Nutritional counseling session,2025-06-03 16:51:06,2025-06-03 16:51:06
262,2,131,pdfs/44bc9ace73b148df9e06f41f201518bd.pdf,Pre-surgical evaluation and preparation,2025-05-07 16:51:06,2025-05-07 16:51:06
263,1,131,pdfs/cceffecc7d644feb8a4e189c76830bfc.pdf,Diabetes management and stabilization,2024-12-09 16:51:06,2024-12-09 16:51:06
264,2,131,pdfs/7f2f25bd11244e08bf32f245bc961c32.pdf,Discharge planning consultation,2023-12-31 16:51:06,2023-12-31 16:51:06
265,2,132,pdfs/045b13572a724eff9b6206bb589c88db.pdf,Physical therapy evaluation,2025-07-19 16:51:06,2025-07-19 16:51:06
266,3,133,pdfs/3ee9839fb1414f26bf54a577bc470a46.pdf,Emergency department admission,2025-09-01 16:51:06,2025-09-01 16:51:06
267,1,134,pdfs/d0167c6724034db595137e5c0f5c6cee.pdf,Pre-surgical evaluation and preparation,2024-06-10 16:51:06,2024-06-10 16:51:06
268,3,134,pdfs/926071dfcc3546a1b311af3cd640234c.pdf,Discharge planning consultation,2024-05-28 16:51:06,2024-05-28 16:51:06
269,3,135,pdfs/3b1cefc92529479aa712376555ca87db.pdf,Laboratory workup and assessment,2025-03-23 16:51:06,2025-03-23 16:51:06
270,3,135,pdfs/a569017a8c7141bdb2886445cccc51f9.pdf,Hypertension treatment and monitoring,2025-02-25 16:51:06,2025-02-25 16:51:06
271,2,136,pdfs/56a3aa0923f64a1dbf57ec00cd512f8c.pdf,Discharge planning consultation,2024-10-22 16:51:06,2024-10-22 16:51:06
272,1,136,pdfs/9fd6bfb27ca544edac1f8f6866c0c01c.pdf,Pre-surgical evaluation and preparation,2025-02-26 16:51:06,2025-02-26 16:51:06
273,2,137,pdfs/72503494c8be4080a31dff225bffaee8.pdf,Hypertension treatment and monitoring,2024-11-22 16:51:06,2024-11-22 16:51:06
274,3,138,pdfs/da454b42b88d4e42bb0de94cb9ad0f7a.pdf,Cardiac catheterization procedure,2025-06-26 16:51:06,2025-06-26 16:51:06
275,2,138,pdfs/48a2e652be4645068ed57852d1b61d60.pdf,Physical therapy evaluation,2023-11-28 16:51:06,2023-11-28 16:51:06
276,3,138,pdfs/92680206ec03468d93bd431c6f1b82fd.pdf,Pre-surgical evaluation and preparation,2025-09-27 16:51:06,2025-09-27 16:51:06
277,2,139,pdfs/5ed427b7be944756b6dcd9724f1a3723.pdf,Cardiac catheterization procedure,2025-08-23 16:51:06,2025-08-23 16:51:06
278,3,140,pdfs/1dbc6ef6e522413cabe21f8405296496.pdf,Wound care and dressing change,2023-12-29 16:51:06,2023-12-29 16:51:06
279,2,141,pdfs/51384389b19944c28b3fb80c9f78f039.pdf,Discharge planning consultation,2025-07-01 16:51:06,2025-07-01 16:51:06
280,2,141,pdfs/977cb35c4bde4a03bc3761707a9ac47f.pdf,Diabetes management and stabilization,2025-07-16 16:51:06,2025-07-16 16:51:06
281,3,142,pdfs/446a769334494ba8aad93bf13007edd6.pdf,Hypertension treatment and monitoring,2025-07-09 16:51:06,2025-07-09 16:51:06
282,2,142,pdfs/33ae0d7f984248e78c34590e8d1e34be.pdf,Diabetes management and stabilization,2025-07-06 16:51:06,2025-07-06 16:51:06
283,3,143,pdfs/6b458fb8a35443edba1aea5d3a062d77.pdf,Post-operative follow-up and recovery,2025-05-03 16:51:06,2025-05-03 16:51:06
284,1,144,pdfs/36bbafccbb7f4ae6959a3b16b8e04400.pdf,Wound care and dressing change,2024-10-26 16:51:06,2024-10-26 16:51:06
285,1,145,pdfs/d33232d3bcef44dd87fcfb03f4b72eba.pdf,Nutritional counseling session,2024-07-29 16:51:06,2024-07-29 16:51:06
286,1,145,pdfs/52c5ac72d4b04c7fabffaa82417c3b82.pdf,Endoscopic examination,2024-04-13 16:51:06,2024-04-13 16:51:06
287,3,145,pdfs/59eeb55147da4058ab42c109eabd1024.pdf,Discharge planning consultation,2025-05-20 16:51:06,2025-05-20 16:51:06
288,2,146,pdfs/6c4e0c58a56c4b95b41bfdfb58d7f0ba.pdf,Physical therapy evaluation,2025-07-16 16:51:06,2025-07-16 16:51:06
289,2,146,pdfs/cca53780ca584110a7d6dc53c7abb04a.pdf,Discharge planning consultation,2025-04-15 16:51:06,2025-04-15 16:51:06
290,1,147,pdfs/633629e2c1c74b048fa3fdf71a84704c.pdf,Pain management consultation,2025-01-29 16:51:06,2025-01-29 16:51:06
291,3,148,pdfs/9f54075579ca44f2ac53a830853f9ae7.pdf,Endoscopic examination,2025-09-18 16:51:06,2025-09-18 16:51:06
292,2,148,pdfs/92baa261d03f461daa5f2f31f618b39f.pdf,Respiratory complications management,2024-03-28 16:51:06,2024-03-28 16:51:06
293,1,149,pdfs/db7f7b69c58e48bba307320cde9403ce.pdf,Medication adjustment and monitoring,2024-10-11 16:51:06,2024-10-11 16:51:06
294,2,149,pdfs/459fc63d9a034cf6b90ac39feb3177bd.pdf,Routine checkup and monitoring,2024-10-17 16:51:06,2024-10-17 16:51:06
295,1,150,pdfs/359103e0e8384fe6a2dbc9bde7c75f47.pdf,Post-operative follow-up and recovery,2025-04-23 16:51:06,2025-04-23 16:51:06
296,2,150,pdfs/f0777416ddc64e04b4be8b6490b7ce90.pdf,Pre-surgical evaluation and preparation,2025-05-01 16:51:06,2025-05-01 16:51:06
297,1,150,pdfs/eed9fef5221e4bd3a9a4b82a3fa58cd8.pdf,Hypertension treatment and monitoring,2025-01-15 16:51:06,2025-01-15 16:51:06
298,2,151,pdfs/6037ac83bc4e46ca92fda8e55ca0064e.pdf,Cardiac catheterization procedure,2023-11-24 16:51:06,2023-11-24 16:51:06
299,2,151,pdfs/a9fcace2693d45b7bdaf9acb20df323c.pdf,Pain management consultation,2025-07-15 16:51:06,2025-07-15 16:51:06
300,2,152,pdfs/2a0b59cc189d4df4a29c2d2209f2feaa.pdf,Endoscopic examination,2024-10-10 16:51:06,2024-10-10 16:51:06
301,2,153,pdfs/07f8d7dce0c441d1ae5a87d43d70c754.pdf,Respiratory complications management,2025-06-05 16:51:06,2025-06-05 16:51:06
302,3,153,pdfs/1775371e908a42ea9e06f826bc684d71.pdf,Discharge planning consultation,2025-08-07 16:51:06,2025-08-07 16:51:06
303,1,154,pdfs/d74bfd8eaceb4faaa3b295b1c0397f80.pdf,Pre-surgical evaluation and preparation,2024-05-26 16:51:06,2024-05-26 16:51:06
304,1,154,pdfs/156a38a728ee4f6c9a2dab26ca839f3c.pdf,Laboratory workup and assessment,2025-01-10 16:51:06,2025-01-10 16:51:06
305,1,154,pdfs/c288f45695924292b32a92444a7742ef.pdf,Cardiac monitoring and treatment,2025-08-01 16:51:06,2025-08-01 16:51:06
306,1,155,pdfs/2fb61ae1276548828e63efbdb03ab40c.pdf,Wound care and dressing change,2025-07-18 16:51:06,2025-07-18 16:51:06
307,1,155,pdfs/5bb82d2bba4642b088cfda0582f79574.pdf,Physical therapy evaluation,2023-10-08 16:51:06,2023-10-08 16:51:06
308,3,156,pdfs/94c79b8cc83a4d4f9a7ce5df21202d48.pdf,Wound care and dressing change,2025-05-20 16:51:06,2025-05-20 16:51:06
309,2,156,pdfs/85edb0be5e414d859a8b4799c39ba5bd.pdf,Discharge planning consultation,2025-06-17 16:51:06,2025-06-17 16:51:06
310,1,156,pdfs/80be21c6c51646719c9dcadf01137924.pdf,Respiratory complications management,2025-04-15 16:51:06,2025-04-15 16:51:06
311,1,157,pdfs/0ae26fb25fe5448ca2455e180c36ef57.pdf,Wound care and dressing change,2024-05-27 16:51:06,2024-05-27 16:51:06
312,1,158,pdfs/be5d1eaa39554560a92ddca78d498775.pdf,Cardiac catheterization procedure,2025-03-19 16:51:06,2025-03-19 16:51:06
313,2,158,pdfs/e2985c6ee5ae4eabb41cac6058253c41.pdf,Nutritional counseling session,2025-05-01 16:51:06,2025-05-01 16:51:06
314,3,158,pdfs/bc9fbeadf0cf48229c2bcc6440d79e37.pdf,Pre-surgical evaluation and preparation,2023-12-28 16:51:06,2023-12-28 16:51:06
315,1,159,pdfs/26df4c5b84114b58a04c4f48d4b81ea8.pdf,Endoscopic examination,2025-04-10 16:51:06,2025-04-10 16:51:06
316,3,159,pdfs/3962eebfcd6e49cf903963dd16d14dc5.pdf,Diabetes management and stabilization,2023-11-19 16:51:06,2023-11-19 16:51:06
317,3,160,pdfs/e7ca45ca23b548e4a441228bc552706f.pdf,Nutritional counseling session,2024-11-11 16:51:06,2024-11-11 16:51:06
318,1,160,pdfs/1ea99c481c08485691c04e8a6c09f24e.pdf,Emergency department admission,2023-10-29 16:51:06,2023-10-29 16:51:06
319,2,160,pdfs/eacc64e4ea3e4216accac588dd036878.pdf,Physical therapy evaluation,2025-05-16 16:51:06,2025-05-16 16:51:06
320,3,161,pdfs/3512fe85f1274861b3edfef762777142.pdf,Scheduled surgical procedure,2025-03-21 16:51:06,2025-03-21 16:51:06
321,2,161,pdfs/b7ddf6df4fea461d882166bbfd321f4f.pdf,Medication adjustment and monitoring,2024-12-04 16:51:06,2024-12-04 16:51:06
322,1,162,pdfs/85bc68f070ea4e94b017f0681edd585b.pdf,Cardiac catheterization procedure,2024-03-18 16:51:06,2024-03-18 16:51:06
323,2,162,pdfs/cc59a8391d9549098d4178cdafa432da.pdf,Discharge planning consultation,2024-11-23 16:51:06,2024-11-23 16:51:06
324,2,162,pdfs/27672cc31c1e473a8d88a40cc4f35074.pdf,Scheduled surgical procedure,2024-04-12 16:51:06,2024-04-12 16:51:06
325,1,163,pdfs/c1917440d57a44748dad954c6e5a4575.pdf,Cardiac catheterization procedure,2025-05-08 16:51:06,2025-05-08 16:51:06
326,3,164,pdfs/b95a04ca25114c66ac1ec82e18b4b1b6.pdf,Pre-surgical evaluation and preparation,2025-05-31 16:51:06,2025-05-31 16:51:06
327,3,164,pdfs/392424eeceaf4b5481d6fc437eb6587c.pdf,Pre-surgical evaluation and preparation,2024-11-15 16:51:06,2024-11-15 16:51:06
328,2,165,pdfs/faf8d9daee054db0912b8292a360a838.pdf,Physical therapy evaluation,2024-08-19 16:51:06,2024-08-19 16:51:06
329,2,165,pdfs/ce224e34144341818159572a1cf2f50c.pdf,Respiratory complications management,2025-04-09 16:51:06,2025-04-09 16:51:06
330,1,166,pdfs/c33fc768523c42cc900003b09f19e6e1.pdf,Pre-surgical evaluation and preparation,2024-09-14 16:51:06,2024-09-14 16:51:06
331,3,167,pdfs/c9f85171b88b430d87da05f206b663bd.pdf,Diabetes management and stabilization,2024-08-17 16:51:06,2024-08-17 16:51:06
332,1,167,pdfs/56f75ea29f3b4bccb239ba9d166f37da.pdf,Post-operative follow-up and recovery,2025-04-16 16:51:06,2025-04-16 16:51:06
333,1,167,pdfs/4dadc1f38ac5450f9f1e8ab54f928547.pdf,Wound care and dressing change,2023-12-22 16:51:06,2023-12-22 16:51:06
334,1,168,pdfs/296cc27a36054b8981bca12564b3775d.pdf,Laboratory workup and assessment,2025-09-20 16:51:06,2025-09-20 16:51:06
335,3,168,pdfs/ef00c0c7446f4e8d89049b529edae165.pdf,Scheduled surgical procedure,2024-07-28 16:51:06,2024-07-28 16:51:06
336,1,168,pdfs/31bb46bda1514cf7974553ed16af149e.pdf,Cardiac monitoring and treatment,2025-06-12 16:51:06,2025-06-12 16:51:06
337,3,169,pdfs/1bd909af5d824fb4b3c70b733f8a57d3.pdf,Laboratory workup and assessment,2023-12-29 16:51:06,2023-12-29 16:51:06
338,1,170,pdfs/9b589d61e4984e53abcd6f030843451f.pdf,Emergency department admission,2025-06-18 16:51:06,2025-06-18 16:51:06
339,2,170,pdfs/ca9a32ef73fb4d27ad1e776b2de0d7ce.pdf,Cardiac monitoring and treatment,2024-11-26 16:51:06,2024-11-26 16:51:06
340,1,171,pdfs/ab2d35dea3fd48f8a07075f8761636ef.pdf,Endoscopic examination,2025-09-19 16:51:06,2025-09-19 16:51:06
341,2,171,pdfs/03b425fbddb8485b8768569dc574bad9.pdf,Medication adjustment and monitoring,2024-03-24 16:51:06,2024-03-24 16:51:06
342,3,171,pdfs/0ae1a97a833c4edda4dfdf57221d3e52.pdf,Nutritional counseling session,2023-12-25 16:51:06,2023-12-25 16:51:06
343,1,172,pdfs/e9005d866000495ba9583376a4c2a92a.pdf,Nutritional counseling session,2023-11-10 16:51:06,2023-11-10 16:51:06
344,1,172,pdfs/ba526c7aa53e4f73b0c1a718eb0370c3.pdf,Medication adjustment and monitoring,2024-12-19 16:51:06,2024-12-19 16:51:06
345,3,173,pdfs/fdb0c40e58334a18844923e07fc5eb8d.pdf,Discharge planning consultation,2024-11-20 16:51:06,2024-11-20 16:51:06
346,2,173,pdfs/6e1903604855454eb10bf33469c93ab4.pdf,Nutritional counseling session,2025-01-31 16:51:06,2025-01-31 16:51:06
347,2,173,pdfs/ffb6c76d5d6a4290b069b479995f019d.pdf,Wound care and dressing change,2024-01-27 16:51:06,2024-01-27 16:51:06
348,1,174,pdfs/b993dce7d36345f18f10ffcef48d6e68.pdf,Medication adjustment and monitoring,2024-06-07 16:51:06,2024-06-07 16:51:06
349,2,174,pdfs/d841068a53e948c7aa42f557279405da.pdf,Pre-surgical evaluation and preparation,2025-04-29 16:51:06,2025-04-29 16:51:06
350,1,174,pdfs/33e19fa5d287440e8ae4f2da3435cf9e.pdf,Routine checkup and monitoring,2025-05-25 16:51:06,2025-05-25 16:51:06
351,1,175,pdfs/09bd5112ba7343cfaae5b4e8381e9809.pdf,Wound care and dressing change,2025-05-08 16:51:06,2025-05-08 16:51:06
352,3,175,pdfs/7133598381da482bae3969f614eecb98.pdf,Wound care and dressing change,2025-09-28 16:51:06,2025-09-28 16:51:06
353,2,175,pdfs/e5173d4877414b118204b8bfa136322d.pdf,Pain management consultation,2025-05-27 16:51:06,2025-05-27 16:51:06
354,3,176,pdfs/b3d0225fc6824c78aee154dbb57c32ba.pdf,Routine checkup and monitoring,2025-06-25 16:51:06,2025-06-25 16:51:06
355,3,176,pdfs/71516b8fb2ed40d6a7a075a35fd9c55f.pdf,Pain management consultation,2025-04-26 16:51:06,2025-04-26 16:51:06
356,2,177,pdfs/b2941fe2bc784a2ca3c677dd674aec71.pdf,Respiratory complications management,2025-04-17 16:51:06,2025-04-17 16:51:06
357,3,177,pdfs/de168c781680445b8fa1c2acd90e72e8.pdf,Laboratory workup and assessment,2024-09-02 16:51:06,2024-09-02 16:51:06
358,2,177,pdfs/a9433cca8fe84efe83a00b36a00ea010.pdf,Scheduled surgical procedure,2025-06-30 16:51:06,2025-06-30 16:51:06
359,3,178,pdfs/245112fcb0734cd89c6fb1c5f1baae07.pdf,Follow-up after recent hospitalization,2025-06-22 16:51:06,2025-06-22 16:51:06
360,3,178,pdfs/2997e40c25f143ad9c53dcc718f94e8e.pdf,Emergency department admission,2024-10-20 16:51:06,2024-10-20 16:51:06
361,3,179,pdfs/9b3a6a0bd26046bd864d948b21ab5ced.pdf,Pre-surgical evaluation and preparation,2025-01-25 16:51:06,2025-01-25 16:51:06
362,2,179,pdfs/42794b7ea3724315842cdc66b9e5bd30.pdf,Scheduled surgical procedure,2025-07-14 16:51:06,2025-07-14 16:51:06
363,1,179,pdfs/8dd1bf60c4f04de58cb0ce14ec3c5497.pdf,Post-operative follow-up and recovery,2025-08-04 16:51:06,2025-08-04 16:51:06
364,2,180,pdfs/50b2b15fddce44b7b25a5d3d9cf24291.pdf,Pre-surgical evaluation and preparation,2024-12-02 16:51:06,2024-12-02 16:51:06
365,3,180,pdfs/b3bd28dc2cee4284805290bb1d18db64.pdf,Diabetes management and stabilization,2024-11-28 16:51:06,2024-11-28 16:51:06
366,2,180,pdfs/e046f348518048bdaea9c7538a0ff9c3.pdf,Emergency admission - chest pain evaluation,2025-09-23 16:51:06,2025-09-23 16:51:06
367,1,181,pdfs/1856a1b932d94c3cb5219a192ccfcba3.pdf,Post-operative follow-up and recovery,2025-07-14 16:51:06,2025-07-14 16:51:06
368,2,181,pdfs/762e53d4869d4426b44543eb488c884d.pdf,Medication adjustment and monitoring,2025-06-09 16:51:06,2025-06-09 16:51:06
369,3,181,pdfs/e88e7ad1d97d4b75a7cefd49a8b2a1e5.pdf,Scheduled surgical procedure,2025-09-28 16:51:06,2025-09-28 16:51:06
370,1,182,pdfs/5a173279309b49619d945aeee82b97e6.pdf,Cardiac catheterization procedure,2025-02-19 16:51:06,2025-02-19 16:51:06
371,2,183,pdfs/48bd3cea2b6c464e902ac3255063df36.pdf,Wound care and dressing change,2024-07-02 16:51:06,2024-07-02 16:51:06
372,2,183,pdfs/913d4c1adb074e28a9a29f720ad5e482.pdf,Emergency admission - chest pain evaluation,2025-03-10 16:51:06,2025-03-10 16:51:06
373,1,184,pdfs/42be4db9352c4078b698a82a6b120a1c.pdf,Cardiac monitoring and treatment,2024-04-19 16:51:06,2024-04-19 16:51:06
374,1,184,pdfs/2ac0324ca43449eabf963f4b22ad0a13.pdf,Laboratory workup and assessment,2025-06-10 16:51:06,2025-06-10 16:51:06
375,3,185,pdfs/98bb9563c8e04aa6ad5f4fa5fe548516.pdf,Diabetes management and stabilization,2025-03-06 16:51:06,2025-03-06 16:51:06
376,2,186,pdfs/efba468de76049668686188f6ecb1012.pdf,Post-operative follow-up and recovery,2024-05-08 16:51:06,2024-05-08 16:51:06
377,3,186,pdfs/052656284f7b46f8bffce2c213fbef0a.pdf,Medication adjustment and monitoring,2025-06-18 16:51:06,2025-06-18 16:51:06
378,3,187,pdfs/97e7327dd52d42f5b6e6ecd18ed0a7b7.pdf,Diabetes management and stabilization,2023-10-09 16:51:06,2023-10-09 16:51:06
379,3,188,pdfs/923e65d850804660982c9cadac38ccea.pdf,Physical therapy evaluation,2024-07-20 16:51:06,2024-07-20 16:51:06
380,3,188,pdfs/1b554197ffca4b53a66f0c95ead79df7.pdf,Wound care and dressing change,2023-10-25 16:51:06,2023-10-25 16:51:06
381,3,189,pdfs/85b62f48967441938c542842dfaf8e08.pdf,Cardiac catheterization procedure,2023-11-21 16:51:06,2023-11-21 16:51:06
382,1,189,pdfs/bb82c455cda64de2b2c2abbb8e7bb186.pdf,Emergency admission - chest pain evaluation,2024-11-24 16:51:06,2024-11-24 16:51:06
383,3,190,pdfs/71ff1806cbf241b79551e1c8da5ca1a0.pdf,Pre-surgical evaluation and preparation,2025-02-01 16:51:06,2025-02-01 16:51:06
384,2,190,pdfs/c6842cd0ac9341bda574075fb665787c.pdf,Diabetes management and stabilization,2024-11-18 16:51:06,2024-11-18 16:51:06
385,2,190,pdfs/dbaba62d6ede44fa84f794a557a3dad6.pdf,Diabetes management and stabilization,2024-02-23 16:51:06,2024-02-23 16:51:06
386,1,191,pdfs/5698ba1b5d844d419490cced53357bb7.pdf,Cardiac catheterization procedure,2024-11-22 16:51:06,2024-11-22 16:51:06
387,1,192,pdfs/dddba29d7de34fc09a06bdf113315386.pdf,Discharge planning consultation,2024-06-21 16:51:06,2024-06-21 16:51:06
388,2,193,pdfs/053a6ef6ddda43b0ac474ef4618a6254.pdf,Routine checkup and monitoring,2024-06-27 16:51:06,2024-06-27 16:51:06
389,3,194,pdfs/f475024f88624e05abd4ee5fa4740d09.pdf,Wound care and dressing change,2024-07-05 16:51:06,2024-07-05 16:51:06
390,3,195,pdfs/295d8d2db51f4fcc9d5e09244dae3c63.pdf,Scheduled surgical procedure,2025-07-28 16:51:06,2025-07-28 16:51:06
391,1,195,pdfs/71d501cb23e54af4b143d85c770e58be.pdf,Scheduled surgical procedure,2025-07-26 16:51:06,2025-07-26 16:51:06
392,3,195,pdfs/304ceb3fcca346c59a3e76f369fb2307.pdf,Emergency admission - chest pain evaluation,2024-12-01 16:51:06,2024-12-01 16:51:06
393,2,196,pdfs/c470bfbfb1544964b0a16d91cd90169d.pdf,Nutritional counseling session,2024-11-15 16:51:06,2024-11-15 16:51:06
394,1,197,pdfs/5d8305749acb4a2fa2650670dccfe30d.pdf,Cardiac catheterization procedure,2025-02-23 16:51:06,2025-02-23 16:51:06
395,3,198,pdfs/01d2a715852d4a4bb5460e09780aaffc.pdf,Medication adjustment and monitoring,2024-08-08 16:51:06,2024-08-08 16:51:06
396,3,198,pdfs/4bee1b2b25ea4af581263b62298eac53.pdf,Laboratory workup and assessment,2025-07-11 16:51:06,2025-07-11 16:51:06
397,2,198,pdfs/ffcbfc6d5961408787b4a1b82c48f5fd.pdf,Pre-surgical evaluation and preparation,2024-09-18 16:51:06,2024-09-18 16:51:06
398,2,199,pdfs/c126c996a1ec4ab09be55c0cf853a9b0.pdf,Nutritional counseling session,2024-10-06 16:51:06,2024-10-06 16:51:06
399,3,200,pdfs/451fbf2f5dfd4b868d7aad7b612955fa.pdf,Diabetes management and stabilization,2024-10-12 16:51:06,2024-10-12 16:51:06
400,3,200,pdfs/98e677b8b8a7495997a898ed13eb87a9.pdf,Endoscopic examination,2025-07-14 16:51:06,2025-07-14 16:51:06
401,3,201,pdfs/aeec0c56517d4600b875a2716795117c.pdf,Follow-up after recent hospitalization,2025-03-07 16:51:06,2025-03-07 16:51:06
402,3,201,pdfs/f25ff315195242b39f41a8cdb7d3c5f4.pdf,Physical therapy evaluation,2025-07-25 16:51:06,2025-07-25 16:51:06
403,2,202,pdfs/97e9e730c19f48d8a389d91f95ec4381.pdf,Pre-surgical evaluation and preparation,2025-05-29 16:51:06,2025-05-29 16:51:06
404,2,203,pdfs/5b110311e1bd4a93869dd0496ea36a29.pdf,Physical therapy evaluation,2025-03-16 16:51:06,2025-03-16 16:51:06
405,2,203,pdfs/009663aa9a8245cd92672f0d64b41a20.pdf,Routine checkup and monitoring,2024-09-06 16:51:06,2024-09-06 16:51:06
406,3,203,pdfs/91d83b306d6d4a1ba8efb55113cfc53f.pdf,Follow-up after recent hospitalization,2024-04-02 16:51:06,2024-04-02 16:51:06
407,2,204,pdfs/b749aee1c86c4816a2171a647945e544.pdf,Nutritional counseling session,2024-09-22 16:51:06,2024-09-22 16:51:06
408,1,205,pdfs/29217c0393d04681a2ab57033661fd36.pdf,Wound care and dressing change,2025-01-30 16:51:06,2025-01-30 16:51:06
409,3,205,pdfs/af6fbe26e81e4114b7fd3d8df7e8457b.pdf,Emergency department admission,2025-07-28 16:51:06,2025-07-28 16:51:06
410,2,206,pdfs/b7a396f3555341968fed078008351b09.pdf,Post-operative follow-up and recovery,2024-11-17 16:51:06,2024-11-17 16:51:06
411,1,206,pdfs/e1a7241676e347acafbc7c051f3de708.pdf,Scheduled surgical procedure,2025-01-31 16:51:06,2025-01-31 16:51:06
412,1,207,pdfs/4f862403ac2c438890dd7018e6e89a5e.pdf,Emergency admission - chest pain evaluation,2025-07-18 16:51:06,2025-07-18 16:51:06
413,1,208,pdfs/4ef46727a9f64719be3215494d8101c9.pdf,Post-operative follow-up and recovery,2025-02-24 16:51:06,2025-02-24 16:51:06
414,3,209,pdfs/f01129f7bee145438a0a26fdc9fce599.pdf,Laboratory workup and assessment,2024-11-16 16:51:06,2024-11-16 16:51:06
415,2,210,pdfs/3b45b2997899410e82842beb056f17c8.pdf,Discharge planning consultation,2025-01-29 16:51:06,2025-01-29 16:51:06
416,2,210,pdfs/c1b880afa5554c719040b5b4fccc842a.pdf,Hypertension treatment and monitoring,2025-09-11 16:51:06,2025-09-11 16:51:06
417,3,210,pdfs/d9a1babe686b47a09dcb958ff4251ffd.pdf,Routine checkup and monitoring,2024-09-26 16:51:06,2024-09-26 16:51:06
418,3,211,pdfs/293f29febfef46acba137d87608e1d96.pdf,Scheduled surgical procedure,2025-02-20 16:51:06,2025-02-20 16:51:06
419,3,212,pdfs/d06cb6fed51c4a1e9c9e3f6abe4ecd03.pdf,Nutritional counseling session,2025-09-06 16:51:06,2025-09-06 16:51:06
420,3,212,pdfs/9ebeacecc9ab42589909c2c11eafa36d.pdf,Pain management consultation,2023-12-20 16:51:06,2023-12-20 16:51:06
421,3,213,pdfs/437045b834884ead950791d666332451.pdf,Follow-up after recent hospitalization,2025-09-07 16:51:06,2025-09-07 16:51:06
422,2,213,pdfs/8ebd77a29e274249bb2f796cdf9a1445.pdf,Scheduled surgical procedure,2025-01-27 16:51:06,2025-01-27 16:51:06
423,1,214,pdfs/67d3adf5516545498bbc38ca5e6e5949.pdf,Physical therapy evaluation,2023-12-12 16:51:06,2023-12-12 16:51:06
424,1,214,pdfs/76074733c6794b409307ef4931afb218.pdf,Hypertension treatment and monitoring,2025-08-19 16:51:06,2025-08-19 16:51:06
425,2,215,pdfs/c371893ff70e42a8b05aa39d00ec18b3.pdf,Physical therapy evaluation,2025-07-13 16:51:06,2025-07-13 16:51:06
426,3,215,pdfs/98f53b1bdaba4b93b09c2a75c067d2bf.pdf,Respiratory complications management,2025-06-18 16:51:06,2025-06-18 16:51:06
427,3,215,pdfs/1d72bc9a8f944c75a6a6944d38ff9177.pdf,Pain management consultation,2024-08-17 16:51:06,2024-08-17 16:51:06
428,1,216,pdfs/bd1a20c94bfb42a1957aded63cf11250.pdf,Discharge planning consultation,2024-07-26 16:51:06,2024-07-26 16:51:06
429,2,216,pdfs/5f58a8d54dd34a8b9e58949c36219cbc.pdf,Pain management consultation,2024-10-27 16:51:06,2024-10-27 16:51:06
430,1,216,pdfs/19905289eaa04bf6a9a5498398b8c5b6.pdf,Respiratory complications management,2025-07-23 16:51:06,2025-07-23 16:51:06
431,2,217,pdfs/310450b5931c4215b1003d41c9be422f.pdf,Respiratory complications management,2025-02-12 16:51:06,2025-02-12 16:51:06
432,3,217,pdfs/640b7f44e8ed4a30a627e8fdf76cf7c3.pdf,Medication adjustment and monitoring,2023-10-04 16:51:06,2023-10-04 16:51:06
433,2,217,pdfs/ae4b89d5740941fcb946a436c06a7c62.pdf,Nutritional counseling session,2024-02-04 16:51:06,2024-02-04 16:51:06
434,2,218,pdfs/363686f3985b4ca997422881b64f277d.pdf,Pain management consultation,2025-04-09 16:51:06,2025-04-09 16:51:06
435,3,218,pdfs/589d0a1be1e544c2b20cb61d96e93956.pdf,Hypertension treatment and monitoring,2025-05-17 16:51:06,2025-05-17 16:51:06
436,3,219,pdfs/ee7a75a4b9ee4bd2847b022038d4754c.pdf,Nutritional counseling session,2025-07-03 16:51:06,2025-07-03 16:51:06
437,3,219,pdfs/636fe8a564b14430bd9efa5fcf0dfae0.pdf,Medication adjustment and monitoring,2025-06-16 16:51:06,2025-06-16 16:51:06
438,2,219,pdfs/ff507bbb8a8b4cb0a7bd90865b11e848.pdf,Routine checkup and monitoring,2023-11-23 16:51:06,2023-11-23 16:51:06
439,1,220,pdfs/a506877fef254f17bee956ab17e2a793.pdf,Follow-up after recent hospitalization,2023-10-24 16:51:06,2023-10-24 16:51:06
440,1,220,pdfs/759588122d5541b488ded1aabcecb3b6.pdf,Emergency department admission,2025-02-04 16:51:06,2025-02-04 16:51:06
441,1,220,pdfs/895b4c1c1a7743ef9fc0593b82a1351c.pdf,Hypertension treatment and monitoring,2025-05-27 16:51:06,2025-05-27 16:51:06
442,2,221,pdfs/b3c2d7bcdaea432ea83237964e43d899.pdf,Pre-surgical evaluation and preparation,2025-09-22 16:51:06,2025-09-22 16:51:06
443,3,222,pdfs/b019fbc631364091ab7f4657cb865a32.pdf,Discharge planning consultation,2025-01-10 16:51:06,2025-01-10 16:51:06
444,1,222,pdfs/5a67dc64de0743379e017ccf39b2cdf7.pdf,Medication adjustment and monitoring,2025-08-22 16:51:06,2025-08-22 16:51:06
445,2,222,pdfs/217a86abd42b4d63b4f90e7f50819026.pdf,Pre-surgical evaluation and preparation,2025-07-27 16:51:06,2025-07-27 16:51:06
446,3,223,pdfs/76a895506c8c4f4f826c5e76c9e77ce9.pdf,Pre-surgical evaluation and preparation,2025-06-17 16:51:06,2025-06-17 16:51:06
447,2,223,pdfs/6e447f432a1448f98eb5555cf7c2b3d7.pdf,Laboratory workup and assessment,2025-08-23 16:51:06,2025-08-23 16:51:06
448,1,224,pdfs/b12aeb6af9d24bb08f286f7b2413df89.pdf,Cardiac catheterization procedure,2024-09-05 16:51:06,2024-09-05 16:51:06
449,2,224,pdfs/b8991f5bde214cb68b3386e74fec2a4a.pdf,Discharge planning consultation,2025-07-20 16:51:06,2025-07-20 16:51:06
450,1,224,pdfs/20da3f18876f4822acf963d5acb2261a.pdf,Emergency department admission,2024-12-16 16:51:06,2024-12-16 16:51:06
451,3,225,pdfs/e160139d86e441aaa20bebfc9fad31ac.pdf,Laboratory workup and assessment,2024-06-03 16:51:06,2024-06-03 16:51:06
452,1,226,pdfs/ab35895920114d7a81df8c41a12293f8.pdf,Cardiac catheterization procedure,2024-01-10 16:51:06,2024-01-10 16:51:06
453,2,227,pdfs/7274df4cd9b0478cba8752c46815d1ab.pdf,Post-operative follow-up and recovery,2025-04-07 16:51:06,2025-04-07 16:51:06
454,1,227,pdfs/6d39b9dca3814ed4ac5e34a3b84b15b3.pdf,Follow-up after recent hospitalization,2024-08-19 16:51:06,2024-08-19 16:51:06
455,3,228,pdfs/ad456b6dc6914e43acc8e68b7e0f367d.pdf,Laboratory workup and assessment,2024-07-12 16:51:06,2024-07-12 16:51:06
