id,name,upper_range,lower_range,unit,group,description,created_at,updated_at
1,WBC - CBC,11000.0,4000.0,cu.mm,CBC,White Blood Cell count (part of Complete Blood Count). Helps your body fight infections. Abnormal count can indicate infection or inflammation.,2024-03-14 07:18:46,2024-04-07 15:23:04
2,RBC,5.5,3.5,mill/cu.mm,CBC,Red Blood Cell count (part of Complete Blood Count). Carries oxygen from lungs to body. Abnormal levels may indicate anemia.,2024-03-14 07:21:43,2024-04-07 15:23:04
3,HGB,17.0,11.5,g/dl,CBC,Hemoglobin level (part of Complete Blood Count). Affects energy and overall health. Low levels may indicate anemia.,2024-03-14 07:22:05,2024-04-07 15:23:04
4,HCT,50.0,35.0,%,CBC,Hematocrit level (part of Complete Blood Count). Assesses blood volume and hydration. Abnormal levels can indicate various conditions.,2024-03-14 07:22:32,2024-04-07 15:23:04
5,MCV,96.0,76.0,fl,CBC,Mean Corpuscular Volume (part of Complete Blood Count). Helps diagnose different types of anemia.,2024-03-14 07:23:01,2024-04-07 15:23:04
6,MCH,35.0,25.0,fl,CBC,Mean Corpuscular Hemoglobin (part of Complete Blood Count). Provides insights into anemia types.,2024-03-14 07:23:41,2024-04-07 15:23:04
7,MCHC,36.0,31.0,g/dl,CBC,Mean Corpuscular Hemoglobin Concentration (part of Complete Blood Count). Helps diagnose anemia and other blood disorders.,2024-03-14 07:23:58,2024-04-07 15:23:04
8,PLT,400000.0,150000.0,cu.mm,CBC,Platelet count (part of Complete Blood Count). Crucial for blood clotting. Abnormal counts can indicate bleeding disorders.,2024-03-14 07:24:37,2024-04-07 15:23:04
9,ESR,20.0,0.0,mm/hr,CBC,Erythrocyte Sedimentation Rate (part of Complete Blood Count). Detects inflammation or infection.,2024-03-14 07:24:50,2024-04-07 15:23:04
10,Neut,70.0,40.0,%,CBC,,2024-03-14 07:25:12,2024-03-14 07:25:12
11,Lymph,45.0,20.0,%,CBC,,2024-03-14 07:25:23,2024-03-14 07:25:23
12,Mono,8.0,1.0,%,CBC,,2024-03-14 07:25:34,2024-03-14 07:25:34
13,Eosino,5.0,1.0,%,CBC,,2024-03-14 07:25:48,2024-03-14 07:25:48
14,RDW,16.0,11.0,%,CBC,,2024-03-14 07:26:01,2024-03-14 07:26:01
15,PDW,17.0,9.0,fl,CBC,,2024-03-14 07:26:16,2024-03-14 07:27:18
16,MPV,13.0,9.0,fl,CBC,,2024-03-14 07:26:35,2024-03-14 07:26:35
17,Color,0.0,0.0,-,U.A.,Urine color analysis. Changes in urine color can indicate hydration status or potential health issues.,2024-03-14 07:28:39,2024-04-07 15:23:04
18,PH,0.0,0.0,-,U.A.,Urine pH level.,2024-03-14 07:29:00,2024-04-07 15:23:04
19,SP. Gravity,0.0,0.0,-,U.A.,Urine specific gravity.,2024-03-14 07:29:17,2024-04-07 15:23:04
20,Protein,0.0,0.0,-,U.A.,Urine protein level.,2024-03-14 07:29:28,2024-04-07 15:23:04
21,Glucose - U.A.,0.0,0.0,-,U.A.,Urine glucose analysis.,2024-03-14 07:29:42,2024-04-07 15:23:04
22,WBC - U.A.,0.0,0.0,-,U.A.,Urine white blood cell count. Detects infection or inflammation in the urinary tract.,2024-03-14 07:30:13,2024-04-07 15:23:04
23,Epithelial Cells,0.0,0.0,-,U.A.,Urine epithelial cell count. Indicates the health of the urinary tract lining.,2024-03-14 07:30:32,2024-04-07 15:23:04
24,Squamous Cells,0.0,0.0,-,U.A.,Urine squamous cell count. Assesses contamination or sample quality.,2024-03-14 07:30:49,2024-04-07 15:23:04
25,Amorph Urate,0.0,0.0,-,U.A.,Urine amorphous urate crystals. Commonly seen in acidic urine.,2024-03-14 07:31:03,2024-04-07 15:23:04
26,Amorph Phos,0.0,0.0,-,U.A.,Urine amorphous phosphate crystals. Associated with alkaline urine.,2024-03-14 07:31:15,2024-04-07 15:23:04
27,Cal Oxalate,0.0,0.0,-,U.A.,Urine calcium oxalate crystals. May contribute to kidney stones.,2024-03-14 07:31:26,2024-04-07 15:23:04
28,Uric Acid - U.A.,0.0,0.0,-,U.A.,Urine uric acid analysis. Evaluates risk of kidney stones or gout.,2024-03-14 07:31:45,2024-04-07 15:23:04
29,Mucus,0.0,0.0,-,U.A.,Urine mucus analysis. Detects abnormal mucus production.,2024-03-14 07:31:54,2024-04-07 15:23:04
30,Nitrite,0.0,0.0,-,U.A.,"Urine nitrite analysis. Indicates bacterial infection (e.g., UTI).",2024-03-14 07:32:31,2024-04-07 15:23:04
31,Bilirubine,0.0,0.0,-,U.A.,Urine bilirubin analysis. Detects liver or gallbladder issues.,2024-03-14 07:32:45,2024-04-07 15:23:04
32,Keton,0.0,0.0,Positive / Negative,U.A.,"Urine ketone analysis. Indicates abnormal fat metabolism (e.g., diabetes).",2024-03-14 07:32:53,2024-04-08 15:05:56
33,GLUCOSE,110.0,60.0,mg/dl,General,General glucose level. Measures blood sugar. High levels may indicate diabetes.,2024-03-14 07:34:45,2024-04-07 15:23:04
34,HbA1C,6.2,4.2,%,General,Hemoglobin A1C level. Reflects average blood sugar over the past few months. Used to monitor diabetes control.,2024-03-14 07:35:04,2024-04-07 15:23:04
35,UREA,50.0,10.0,mg/dl,General,Blood urea nitrogen level. Indicates kidney function and hydration status.,2024-03-14 07:35:22,2024-04-07 15:23:04
36,URIC ACID,7.0,2.4,mg/dl,General,Blood uric acid level. Elevated levels can lead to gout or kidney stones.,2024-03-14 07:35:40,2024-04-07 15:23:04
37,CREATININE,1.6,0.5,mg/dl,General,Blood creatinine level. Assesses kidney function.,2024-03-14 07:35:58,2024-04-07 15:23:04
38,CHOLESTEROL,240.0,120.0,mg/dl,General,Blood cholesterol levels (total cholesterol). High cholesterol increases heart disease risk.,2024-03-14 07:36:16,2024-04-07 15:23:04
39,HDL-C,71.0,30.0,mg/dl,General,High-Density Lipoprotein cholesterol ('good' cholesterol) level. Helps remove excess cholesterol from arteries.,2024-03-14 07:36:31,2024-04-07 15:23:04
40,LDL-C,170.0,110.0,mg/dl,General,Low-Density Lipoprotein cholesterol ('bad' cholesterol) level. Elevated levels increase heart disease risk.,2024-03-14 07:36:44,2024-04-07 15:23:04
41,TRYGLYCERIDES,170.0,70.0,mg/dl,General,Blood triglyceride levels. Associated with heart disease risk.,2024-03-14 07:37:02,2024-04-07 15:23:04
42,CRP us,6.0,0.0,mg/l,General,C-Reactive Protein (ultrasensitive) level. Indicates inflammation.,2024-03-14 07:37:36,2024-04-07 15:23:04
43,CPK,195.0,24.0,U/L,General,Creatine Phosphokinase level. Assesses muscle damage.,2024-03-14 07:38:04,2024-04-07 15:23:04
44,VIT-D,122.5,30.7,nmol/L,General,Vitamin D level. Essential for bone health and overall well-being.,2024-03-14 07:38:28,2024-04-07 15:23:04
45,Vitamin B12,1059.0,187.0,pg/ml,General,Blood vitamin B12 level. Important for nerve function and red blood cell production.,2024-03-14 07:38:53,2024-04-07 15:23:04
46,SPOT Micro-ALBUMIN,20.0,0.0,mg/L,General,Spot urine microalbumin level. Detects early kidney damage or diabetes-related kidney problems.,2024-03-14 07:39:18,2024-04-07 15:23:04
47,Baso,1.0,0.0,%,CBC,Basophils (part of Complete Blood Count). Involved in allergic reactions and immune responses.,2024-03-15 11:12:54,2024-04-07 15:23:04
48,RBC - U.A.,0.0,0.0,0,U.A.,"Urine red blood cell count. Detects blood in urine, which may indicate kidney or urinary tract issues.",2024-03-15 11:53:41,2024-04-07 15:23:04
49,Hemoglobin,18.0,14.0,g/dl,CBC,"The Hemoglobin measures hemoglobin levels and other blood components, such as red and white blood cells and platelets, to diagnose conditions like anemia, infection, and other disorders, providing a comprehensive assessment of overall health.",2024-05-18 14:48:42,2024-05-18 14:48:42
50,Hematocrit,52.0,42.0,%,CBC,"The Hematocrit blood test measures the percentage of red blood cells in the blood, helping diagnose and monitor conditions like anemia, dehydration, and other medical disorders by evaluating the blood's capacity to carry oxygen.",2024-05-18 14:49:30,2024-05-18 14:49:30
51,HDW,3.2,2.2,g/dL,CBC,"The Hemoglobin Distribution Width (HDW) blood test measures the variability in hemoglobin concentration within red blood cells, aiding in the diagnosis and monitoring of conditions like anemia and other blood disorders.",2024-05-18 14:52:36,2024-05-18 14:52:36
52,CH,1000.0,0.0,pg,CBC,"The Cellular Hemoglobin (CH) blood test measures the average amount of hemoglobin in individual red blood cells, helping to diagnose and monitor conditions like anemia and other disorders affecting red blood cell production.",2024-05-18 14:53:23,2024-05-18 14:53:23
53,Platelets,400.0,15.0,10e3/uL,CBC,"The Platelets blood test measures the number of platelets in the blood, crucial for diagnosing and monitoring conditions affecting blood clotting, such as thrombocytopenia, and assessing overall bone marrow health.",2024-05-18 14:56:30,2024-05-18 14:56:30
54,LUC,4.0,0.0,%,CBC,"The Large Unstained Cells (LUC) blood test measures the percentage of immature white blood cells, which can indicate the presence of infections, inflammation, or other conditions affecting the immune system.",2024-05-18 15:00:55,2024-05-18 15:00:55
55,WBC,11000.0,4000.0,cu.mm,CBC,,2024-06-20 20:05:08,2024-06-20 20:05:08
56,Na+,145.0,135.0,mEq/l,Electrolytes,,2024-06-20 20:17:28,2024-06-20 20:17:28
57,K+,5.5,3.6,mEq/l,Electrolytes,,2024-06-20 20:17:28,2024-06-20 20:17:28
58,CL,110.0,90.0,mEq/l,Electrolytes,,2024-06-20 20:17:28,2024-06-20 20:17:28
59,TRIGRYCERIDES,170.0,70.0,mg/dl,General Chemistry,,2024-06-20 20:17:28,2024-06-20 20:17:28
60,TRIGLYCERIDES,170.0,70.0,mg/dl,General Chemistry Tests,,2024-06-21 00:51:50,2024-06-21 00:51:50
61,SGOT,40.0,0.0,IU/L,General Chemistry Tests,,2024-06-21 00:51:50,2024-06-21 00:51:50
62,SGPT us,40.0,0.0,IU/L,General Chemistry Tests,,2024-06-21 00:51:50,2024-06-21 00:51:50
63,CALCIUM,10.5,8.2,mg/dl,General Chemistry Tests,,2024-06-21 00:51:50,2024-06-21 00:51:50
64,MAGNESIUM,2.8,1.8,mg/dl,General Chemistry Tests,,2024-06-21 00:51:50,2024-06-21 00:51:50
65,PHOSPHORUS,5.8,2.0,mg/dl,General Chemistry Tests,,2024-06-21 00:51:50,2024-06-21 00:51:50
66,HDL- C,71.0,30.0,mg/dl,Biochemistry,,2024-06-21 11:52:42,2024-06-21 11:52:42
67,LDL- C,170.0,110.0,mg/dl,Biochemistry,,2024-06-21 11:52:42,2024-06-21 11:52:42
68,SGPT,40.0,0.0,IU/L,Liver Function,,2024-06-22 18:08:06,2024-06-22 18:08:06
69,IRON,156.0,50.0,mg/dl,medical_test,,2024-07-25 17:14:26,2024-07-25 17:14:26
70,Sodium,146.0,136.0,mmol/l,electrolyte,,2024-12-10 16:57:44,2024-12-10 16:57:44
71,Potassium,5.1,3.5,mmol/l,electrolyte,,2024-12-10 16:57:44,2024-12-10 16:57:44
72,Chlorine,106.0,98.0,mmol/l,electrolyte,,2024-12-10 16:57:44,2024-12-10 16:57:44
73,Alkaline Reserve,31.0,21.0,mmol/l,electrolyte,,2024-12-10 16:57:44,2024-12-10 16:57:44
74,25 OH Vitamin D,100.0,10.0,ng/ml,vitamins,,2024-12-10 16:57:44,2024-12-10 16:57:44
75,Density,1030.0,1005.0,,urine analysis,,2024-12-10 17:00:38,2024-12-10 17:00:38
76,WBCs,2.0,0.0,/Field,urine analysis,,2024-12-10 17:00:38,2024-12-10 17:00:38
77,RBCs,2.0,0.0,/Field,urine analysis,,2024-12-10 17:00:38,2024-12-10 17:00:38
78,Microalbumin (Urine spot),20.0,0.0,mg/l,urine biochemistry,,2024-12-10 17:00:38,2024-12-10 17:00:38
79,Poly.neutrophils,73.7,39.3,%,complete blood count,,2024-12-10 17:00:38,2024-12-10 17:00:38
80,Lymphocytes,48.3,18.0,%,complete blood count,,2024-12-10 17:00:38,2024-12-10 17:00:38
81,Monocytes,12.7,4.4,%,complete blood count,,2024-12-10 17:00:38,2024-12-10 17:00:38
82,Poly.eosinophils,7.3,0.6,%,complete blood count,,2024-12-10 17:00:38,2024-12-10 17:00:38
83,Poly.basophils,1.7,0.0,%,complete blood count,,2024-12-10 17:00:38,2024-12-10 17:00:38
84,PCT,0.5,0.1,%,complete blood count,,2024-12-10 17:00:38,2024-12-10 17:00:38
85,Creatinine Phosphokinase (CPK),175.0,0.0,U/l,enzymology,,2024-12-10 17:00:38,2024-12-10 17:00:38
86,Total Cholesterol,200.0,120.0,mg/dl,lipid panel,,2024-12-10 17:00:38,2024-12-10 17:00:38
87,Cholesterol HDL,80.0,40.0,mg/dl,lipid panel,,2024-12-10 17:00:38,2024-12-10 17:00:38
88,Cholesterol LDL,130.0,80.0,mg/dl,lipid panel,,2024-12-10 17:00:38,2024-12-10 17:00:38
89,Risk ratio LDL/HDL,3.6,0.0,,lipid panel,,2024-12-10 17:00:38,2024-12-10 17:00:38
90,Risk ratio Total Cholesterol/HDL,4.8,0.0,,lipid panel,,2024-12-10 17:00:38,2024-12-10 17:00:38
91,Serum Iron,180.0,70.0,microg/dL,substrate,,2024-12-10 17:00:38,2024-12-10 17:00:38
92,CRP : C Reactive Protein,7.0,0.0,mg/l,substrate,,2024-12-10 17:00:38,2024-12-10 17:00:38
