id,patient_id,hospital_patient_id,procedure_name,description,path,created_at,updated_at,doctor_id
1,1,3,Left feet toe amputation,"Toe amputation is a surgical procedure where a portion or the entirety of a toe is removed due to severe complications arising from diabetes. Diabetes can cause poor circulation and nerve damage in the feet, leading to ulcers, infections, and tissue death. When conservative treatments fail to resolve these issues, toe amputation may be necessary to prevent the spread of infection and further complications. The procedure is performed under anesthesia, and the surgeon carefully removes the affected tissue, aiming to preserve as much function and structure of the foot as possible while ensuring the patient's safety and well-being. After surgery, proper wound care and follow-up are essential to promote healing and reduce the risk of future complications.",pdfs/2VVZKrH4813JbPZMJgL3eF7Mcve3I6vjiGMNy0Oe.pdf,2023-11-11 14:00:00,2024-04-22 10:29:21,
2,1,4,Coronary Artery Bypass Grafting (CABG) with Multiple Vein Grafts,"Coronary Artery Bypass Grafting (CABG) is a surgical procedure aimed at restoring blood flow to the heart muscle by creating bypasses around blocked or narrowed coronary arteries. In cases where there are multiple blockages or complex coronary artery disease, surgeons may perform CABG with multiple vein grafts to ensure adequate revascularization.",,2017-04-10 15:00:00,2024-04-22 10:32:45,
3,1,2,Pacemaker implantation,"Pacemaker implantation is a common cardiac procedure performed to treat heart rhythm disorders, specifically bradycardia (slow heart rate) or certain types of arrhythmias. The pacemaker is a small electronic device that helps regulate the heart's rhythm by sending electrical impulses to the heart muscle.",,2023-07-06 15:00:00,2024-04-22 10:38:35,
4,109,1,Bone Marrow Biopsy,Diagnostic procedure for blood disorders and malignancies.,,2023-01-23 16:51:05,2023-01-23 16:51:05,11.0
5,192,3,Laparoscopic Cholecystectomy,Minimally invasive removal of gallbladder due to gallstones.,,2022-12-02 16:51:05,2022-12-02 16:51:05,7.0
6,168,1,Deep Brain Stimulation,Implantation of DBS device for movement disorders.,,2024-12-07 16:51:05,2024-12-07 16:51:05,16.0
7,80,2,Brain Biopsy,Stereotactic brain tissue biopsy for diagnosis.,,2023-08-28 16:51:05,2023-08-28 16:51:05,12.0
8,80,3,Colon Resection,Surgical removal of diseased portion of large intestine.,,2024-12-04 16:51:05,2024-12-04 16:51:05,7.0
9,110,3,Skin Biopsy,Surgical removal of skin lesion for pathological examination.,,2025-03-29 16:51:05,2025-03-29 16:51:05,18.0
10,88,2,Coronary Artery Bypass Grafting,Surgical bypass of blocked coronary arteries using vein grafts.,,2024-08-23 16:51:05,2024-08-23 16:51:05,8.0
11,216,3,Insulin Pump Insertion,Subcutaneous placement of continuous insulin delivery system.,,2024-03-25 16:51:05,2024-03-25 16:51:05,2.0
12,158,1,Coronary Angioplasty,Percutaneous coronary intervention with balloon catheter and stent placement.,,2024-10-17 16:51:05,2024-10-17 16:51:05,1.0
13,226,3,Hip Replacement,Total hip joint replacement surgery.,,2023-02-17 16:51:05,2023-02-17 16:51:05,10.0
14,193,3,Heart Valve Replacement,Surgical replacement of damaged heart valve with prosthetic valve.,,2024-12-16 16:51:05,2024-12-16 16:51:05,8.0
15,65,3,Mohs Surgery,Precise surgical removal of skin cancer.,,2024-10-26 16:51:05,2024-10-26 16:51:05,18.0
16,170,3,Fracture Repair,Surgical fixation of bone fractures with plates and screws.,,2024-09-17 16:51:05,2024-09-17 16:51:05,10.0
17,131,1,Retinal Surgery,Surgical repair of retinal detachment.,,2023-12-20 16:51:05,2023-12-20 16:51:05,4.0
18,85,3,Insulin Pump Insertion,Subcutaneous placement of continuous insulin delivery system.,,2025-08-29 16:51:05,2025-08-29 16:51:05,2.0
19,225,2,Insulin Pump Insertion,Subcutaneous placement of continuous insulin delivery system.,,2024-08-04 16:51:05,2024-08-04 16:51:05,2.0
20,153,2,Prostatectomy,Surgical removal of prostate gland.,,2025-05-11 16:51:05,2025-05-11 16:51:05,14.0
21,62,3,Deep Brain Stimulation,Implantation of DBS device for movement disorders.,,2024-08-07 16:51:05,2024-08-07 16:51:05,16.0
22,179,3,Arthroscopy,Minimally invasive joint surgery using arthroscope.,,2024-10-30 16:51:05,2024-10-30 16:51:05,9.0
23,191,3,Arthroscopy,Minimally invasive joint surgery using arthroscope.,,2025-05-20 16:51:05,2025-05-20 16:51:05,6.0
24,142,1,Pacemaker Implantation,Implantation of permanent cardiac pacemaker for bradycardia or heart block.,,2023-12-17 16:51:05,2023-12-17 16:51:05,1.0
25,109,1,Gastric Sleeve,Bariatric surgery for weight loss by reducing stomach size.,,2025-06-13 16:51:05,2025-06-13 16:51:05,3.0
26,59,3,Skin Biopsy,Surgical removal of skin lesion for pathological examination.,,2024-05-25 16:51:05,2024-05-25 16:51:05,18.0
27,174,2,Kidney Stone Removal,Surgical extraction of kidney stones.,,2025-09-20 16:51:05,2025-09-20 16:51:05,16.0
28,140,3,Skin Biopsy,Surgical removal of skin lesion for pathological examination.,,2024-08-30 16:51:05,2024-08-30 16:51:05,18.0
29,74,3,Mohs Surgery,Precise surgical removal of skin cancer.,,2023-11-01 16:51:05,2023-11-01 16:51:05,18.0
30,49,1,Heart Valve Replacement,Surgical replacement of damaged heart valve with prosthetic valve.,,2025-05-14 16:51:05,2025-05-14 16:51:05,5.0
31,138,1,Colonoscopy,Lower gastrointestinal endoscopic screening and polyp removal.,,2025-08-05 16:51:05,2025-08-05 16:51:05,11.0
32,107,1,Cataract Surgery,Surgical removal of clouded lens from the eye.,,2025-02-25 16:51:05,2025-02-25 16:51:05,8.0
33,215,1,Mitral Valve Repair,Surgical correction of mitral valve regurgitation or stenosis.,,2024-12-29 16:51:05,2024-12-29 16:51:05,5.0
34,145,2,Cataract Surgery,Surgical removal of clouded lens from the eye.,,2025-08-02 16:51:05,2025-08-02 16:51:05,2.0
35,220,1,Brain Biopsy,Stereotactic brain tissue biopsy for diagnosis.,,2023-05-21 16:51:05,2023-05-21 16:51:05,16.0
36,14,3,Insulin Pump Insertion,Subcutaneous placement of continuous insulin delivery system.,,2025-08-29 16:51:05,2025-08-29 16:51:05,2.0
37,23,3,Endoscopy,Upper gastrointestinal endoscopic examination and biopsy.,,2023-03-08 16:51:05,2023-03-08 16:51:05,13.0
38,84,2,Coronary Angioplasty,Percutaneous coronary intervention with balloon catheter and stent placement.,,2023-12-30 16:51:05,2023-12-30 16:51:05,1.0
39,186,2,Brain Biopsy,Stereotactic brain tissue biopsy for diagnosis.,,2024-07-23 16:51:05,2024-07-23 16:51:05,12.0
40,149,2,Deep Brain Stimulation,Implantation of DBS device for movement disorders.,,2024-12-25 16:51:05,2024-12-25 16:51:05,16.0
41,193,2,Laparoscopic Cholecystectomy,Minimally invasive removal of gallbladder due to gallstones.,,2025-07-22 16:51:05,2025-07-22 16:51:05,3.0
42,63,1,Mitral Valve Repair,Surgical correction of mitral valve regurgitation or stenosis.,,2022-12-10 16:51:05,2022-12-10 16:51:05,8.0
43,87,3,ICD Implantation,Implantable cardioverter-defibrillator placement for arrhythmia prevention.,,2025-04-18 16:51:05,2025-04-18 16:51:05,9.0
44,145,3,Deep Brain Stimulation,Implantation of DBS device for movement disorders.,,2025-07-31 16:51:05,2025-07-31 16:51:05,14.0
45,162,1,Endoscopy,Upper gastrointestinal endoscopic examination and biopsy.,,2025-08-03 16:51:05,2025-08-03 16:51:05,4.0
