id,name,email,email_verified_at,remember_token,created_at,updated_at
1,Lana Nabulsi,lana@xpertbot.online,,b49VADDX82K8bXhenjBAKGxqaCgIjR7jKPJZVYvYkxjXXu3Wh1Y6xNGzgtY5,2023-11-19 12:20:29,2023-11-19 12:20:29
2,Hussein Marwani,hussein@xpertbot.online,,KDbPcd9qGqQF6wTy4Iw6zyyoVZlAP6nH4cml62MwlRPYTxWIly8R5LcdjJXC,2023-11-19 15:31:16,2023-11-19 15:31:16
3,Ibrahim Fleifel,bob@xpertbot.online,,,2024-04-12 16:03:00,2024-04-26 20:05:54
4,Hassan Hammoud,hassan@xpertbot.online,,,2024-04-13 01:41:49,2024-04-13 01:41:49
5,Hiba,Hiba@xpertbot.online,,,2024-04-26 14:17:35,2024-04-26 14:17:35
6,Wadih Issa,wadi32002@gmail.com,,w0SGxk6I35pk21LnJP4MFH2lNUYKbuD7leRQ1FvMqk4QzUEU2v9HND5M7n71,2024-08-03 12:42:04,2024-08-03 12:42:04
7,Omar Badran,omar@xpertbot.online,,,2024-09-05 12:25:43,2024-09-05 12:25:43
